Name,Temperature,Humidity
June-14-2023T09-53-47,26.906,80.708
June-14-2023T09-57-26,26.96,80.357
June-14-2023T11-44-58,38.446,47.237
June-14-2023T11-48-37,42.768,39.181
June-14-2023T11-52-16,43.948,36.617
June-14-2023T11-55-55,43.208,37.807
June-14-2023T11-59-35,43.551,37.487
June-14-2023T12-03-14,44.334,37.487
June-14-2023T12-06-53,44.506,37.647
June-14-2023T12-10-32,45.739,36.625
June-14-2023T12-14-11,46.801,35.213
June-14-2023T12-17-51,47.82,33.573
June-14-2023T12-21-30,48.828,32.665
June-14-2023T12-25-09,49.922,31.673
June-14-2023T12-28-48,50.641,31.376
June-14-2023T12-32-27,51.231,30.247
June-14-2023T12-36-06,51.338,30.346
June-14-2023T12-39-45,50.147,31.62
June-14-2023T12-43-24,49.139,32.986
June-14-2023T12-47-04,49.0,33.222
June-14-2023T12-50-43,49.536,32.604
June-14-2023T12-54-22,50.855,31.475
June-14-2023T12-58-01,50.898,30.178
June-14-2023T13-01-40,49.976,30.483
June-14-2023T13-05-19,49.075,31.017
June-14-2023T13-08-58,48.892,30.712
June-14-2023T13-12-38,48.431,31.086
June-14-2023T13-16-17,47.895,31.582
June-14-2023T13-19-56,48.324,31.376
June-14-2023T13-23-35,48.603,31.734
June-14-2023T13-27-14,49.032,32.269
June-14-2023T13-30-53,49.879,31.757
June-14-2023T13-34-32,49.236,31.078
June-14-2023T13-38-12,49.472,32.185
June-14-2023T13-41-51,51.295,31.055
June-14-2023T13-45-30,52.871,29.301
June-14-2023T13-49-09,53.644,28.69
June-14-2023T13-52-48,53.654,28.606
June-14-2023T13-56-27,53.504,28.889
June-14-2023T14-00-06,54.083,28.858
June-14-2023T14-03-46,54.587,27.973
June-14-2023T14-07-25,54.77,28.027
June-14-2023T14-11-04,54.888,27.66
June-14-2023T14-14-43,54.738,27.859
June-14-2023T14-18-22,53.483,28.973
June-14-2023T14-22-01,53.097,29.026
June-14-2023T14-25-41,51.917,30.01
June-14-2023T14-29-20,50.759,31.666
June-14-2023T14-32-59,49.75,32.703
June-14-2023T14-36-38,49.375,32.963
June-14-2023T14-40-17,50.716,31.124
June-14-2023T14-43-57,50.255,31.162
June-14-2023T14-47-36,49.118,32.444
June-14-2023T14-51-15,49.729,31.826
June-14-2023T14-54-54,49.965,30.941
June-14-2023T14-58-33,50.759,30.415
June-14-2023T15-02-13,49.879,30.132
June-14-2023T15-05-52,47.369,32.284
June-14-2023T15-09-31,46.404,33.237
June-14-2023T15-13-10,45.546,35.0
June-14-2023T15-16-49,44.463,36.213
June-14-2023T15-20-29,44.592,36.297
June-14-2023T15-24-08,43.819,37.266
June-14-2023T15-27-47,42.801,38.83
June-14-2023T15-31-26,43.101,38.799
June-14-2023T15-35-06,43.508,38.586
June-14-2023T15-38-45,44.227,38.052
June-14-2023T15-42-24,44.989,37.418
June-14-2023T15-46-03,45.096,37.617
June-14-2023T15-49-43,46.393,36.839
June-14-2023T15-53-22,48.828,32.749
June-14-2023T15-57-01,48.142,33.39
June-14-2023T16-00-41,48.185,33.062
June-14-2023T16-04-20,47.841,32.406
June-14-2023T16-07-59,46.587,33.794
June-14-2023T16-11-38,48.152,31.567
June-14-2023T16-15-18,49.515,29.652
June-14-2023T16-18-57,48.86,30.384
June-14-2023T16-22-36,49.203,29.575
June-14-2023T16-26-16,49.439,29.552
June-14-2023T16-29-55,49.429,29.011
June-14-2023T16-33-34,48.892,29.095
June-14-2023T16-37-14,47.949,29.896
June-14-2023T16-40-53,46.983,30.552
June-14-2023T16-44-32,46.351,31.117
June-14-2023T16-48-11,44.956,32.558
June-14-2023T16-51-51,43.412,35.007
June-14-2023T16-55-30,42.114,36.015
June-14-2023T16-59-09,40.613,38.235
June-14-2023T17-02-49,39.851,39.44
June-14-2023T17-06-28,39.411,39.486
June-14-2023T17-10-07,39.218,40.6
June-14-2023T17-13-47,38.864,41.66
June-14-2023T17-17-26,38.5,42.828
June-14-2023T17-21-05,38.242,43.545
June-14-2023T17-24-45,37.878,44.392
June-14-2023T17-28-24,37.695,45.368
June-14-2023T17-32-03,37.513,46.474
June-14-2023T17-35-43,37.213,47.665
June-14-2023T17-39-22,36.966,48.634
June-14-2023T17-43-01,36.741,49.335
June-14-2023T17-46-41,36.494,50.312
June-14-2023T17-50-20,36.462,50.655
June-14-2023T17-53-59,36.441,50.587
June-14-2023T17-57-39,36.183,51.456
June-14-2023T18-01-18,35.883,52.258
June-14-2023T18-04-57,35.69,52.982
June-14-2023T18-08-37,35.357,53.883
June-14-2023T18-12-16,35.089,54.478
June-14-2023T18-15-55,34.832,55.111
June-14-2023T18-19-35,34.607,55.47
June-14-2023T18-23-14,34.274,56.454
June-14-2023T18-26-53,33.985,56.904
June-14-2023T18-30-33,33.684,57.98
June-14-2023T18-34-12,33.556,58.3
June-14-2023T18-37-51,33.245,58.926
June-14-2023T18-41-31,32.976,59.933
June-14-2023T18-45-10,32.837,60.23
June-14-2023T18-48-50,32.708,60.703
June-14-2023T18-52-30,32.547,61.207
June-14-2023T18-56-09,32.397,61.352
June-14-2023T18-59-48,32.193,61.764
June-14-2023T19-03-28,32.043,62.206
June-14-2023T19-07-07,31.947,62.534
June-14-2023T19-10-46,31.872,62.771
June-14-2023T19-14-24,31.84,62.885
June-14-2023T19-18-03,31.84,62.977
June-14-2023T19-21-41,31.786,63.061
June-14-2023T19-25-20,31.679,63.473
June-14-2023T19-28-58,31.614,63.74
June-14-2023T19-32-37,31.539,63.534
June-14-2023T19-36-15,31.443,64.121
June-14-2023T19-39-54,31.421,64.472
June-14-2023T19-43-32,31.411,64.854
June-14-2023T19-47-11,31.325,64.739
June-14-2023T19-50-50,31.207,65.113
June-14-2023T19-54-28,31.089,65.617
June-14-2023T19-58-07,31.024,65.67
June-14-2023T20-01-45,30.949,66.082
June-14-2023T20-05-24,30.949,66.029
June-14-2023T20-09-02,30.982,65.937
June-14-2023T20-12-41,30.971,66.029
June-14-2023T20-16-19,30.971,65.762
June-14-2023T20-19-58,30.917,66.059
June-14-2023T20-23-37,30.939,65.884
June-14-2023T20-27-15,30.874,65.937
June-14-2023T20-30-54,30.81,66.257
June-14-2023T20-34-32,30.842,65.876
June-14-2023T20-38-11,30.788,66.052
June-14-2023T20-41-49,30.831,65.937
June-14-2023T20-45-28,30.842,65.876
June-14-2023T20-49-06,30.778,65.937
June-14-2023T20-52-45,30.778,66.113
June-14-2023T20-56-23,30.724,66.143
June-14-2023T21-00-02,30.713,66.288
June-14-2023T21-03-41,30.724,66.052
June-14-2023T21-07-19,30.703,66.143
June-14-2023T21-10-58,30.638,66.38
June-14-2023T21-14-36,30.638,66.433
June-14-2023T21-18-15,30.628,66.525
June-14-2023T21-21-53,30.617,66.463
June-14-2023T21-25-32,30.585,66.525
June-14-2023T21-29-10,30.542,66.669
June-14-2023T21-32-49,30.499,66.868
June-14-2023T21-36-28,30.477,66.868
June-14-2023T21-40-06,30.402,66.921
June-14-2023T21-43-45,30.37,66.975
June-14-2023T21-47-23,30.306,67.219
June-14-2023T21-51-02,30.242,67.44
June-14-2023T21-54-40,30.231,67.44
June-14-2023T21-58-19,30.166,67.631
June-14-2023T22-01-57,30.102,67.883
June-14-2023T22-05-36,30.07,68.02
June-14-2023T22-09-14,30.07,67.715
June-14-2023T22-12-53,29.984,68.203
June-14-2023T22-16-32,29.909,68.401
June-14-2023T22-20-10,29.855,68.638
June-14-2023T22-23-49,29.78,68.775
June-14-2023T22-27-27,29.716,68.996
June-14-2023T22-31-06,29.662,69.019
June-14-2023T22-34-44,29.609,69.378
June-14-2023T22-38-23,29.566,69.492
June-14-2023T22-42-01,29.405,70.011
June-14-2023T22-45-40,29.287,70.385
June-14-2023T22-49-18,29.201,70.606
June-14-2023T22-52-57,29.094,71.011
June-14-2023T22-56-36,29.04,71.171
June-14-2023T23-00-14,29.008,71.224
June-14-2023T23-03-53,28.944,71.278
June-14-2023T23-07-31,28.858,71.69
June-14-2023T23-11-10,28.794,71.743
June-14-2023T23-14-48,28.74,71.85
June-14-2023T23-18-27,28.643,72.109
June-14-2023T23-22-05,28.547,72.361
June-14-2023T23-25-44,28.44,72.765
June-14-2023T23-29-23,28.365,73.01
June-14-2023T23-33-01,28.322,73.109
June-14-2023T23-36-40,28.29,73.055
June-14-2023T23-40-18,28.236,73.33
June-14-2023T23-43-57,28.204,73.467
June-14-2023T23-47-35,28.182,73.498
June-14-2023T23-51-14,28.064,73.925
June-14-2023T23-54-52,27.989,74.162
June-14-2023T23-58-31,27.936,74.215
June-15-2023T00-02-09,27.839,74.406
June-15-2023T00-05-48,27.796,74.619
June-15-2023T00-09-27,27.764,74.726
June-15-2023T00-13-05,27.71,74.917
June-15-2023T00-16-44,27.71,74.917
June-15-2023T00-20-22,27.7,74.863
June-15-2023T00-24-01,27.667,74.963
June-15-2023T00-27-39,27.625,75.1
June-15-2023T00-31-18,27.603,75.153
June-15-2023T00-34-56,27.571,75.1
June-15-2023T00-38-35,27.528,75.268
June-15-2023T00-42-13,27.464,75.619
June-15-2023T00-45-52,27.399,75.718
June-15-2023T00-49-31,27.367,75.832
June-15-2023T00-53-09,27.303,75.848
June-15-2023T00-56-48,27.249,76.038
June-15-2023T01-00-26,27.238,76.061
June-15-2023T01-04-05,27.217,76.145
June-15-2023T01-07-43,27.185,76.26
June-15-2023T01-11-22,27.185,76.199
June-15-2023T01-15-00,27.163,76.26
June-15-2023T01-18-39,27.11,76.382
June-15-2023T01-22-17,27.078,76.466
June-15-2023T01-25-56,27.024,76.71
June-15-2023T01-29-34,26.949,76.939
June-15-2023T01-33-13,26.949,76.809
June-15-2023T01-36-53,26.874,77.0
June-15-2023T01-40-31,26.874,76.969
June-15-2023T01-44-10,26.82,77.106
June-15-2023T01-47-48,26.756,77.396
June-15-2023T01-51-27,26.799,77.145
June-15-2023T01-55-05,26.809,77.16
June-15-2023T01-58-44,26.767,77.282
June-15-2023T02-02-22,26.777,77.366
June-15-2023T02-06-01,26.767,77.366
June-15-2023T02-09-39,26.777,77.229
June-15-2023T02-13-18,26.809,77.16
June-15-2023T02-16-57,26.831,77.076
June-15-2023T02-20-35,26.885,76.916
June-15-2023T02-24-14,26.927,76.832
June-15-2023T02-27-52,26.949,76.695
June-15-2023T02-31-31,26.97,76.725
June-15-2023T02-35-09,27.003,76.572
June-15-2023T02-38-48,27.035,76.466
June-15-2023T02-42-26,27.003,76.618
June-15-2023T02-46-05,26.917,76.939
June-15-2023T02-49-43,26.885,77.16
June-15-2023T02-53-22,26.863,77.351
June-15-2023T02-57-01,26.831,77.488
June-15-2023T03-00-39,26.809,77.541
June-15-2023T03-04-18,26.788,77.641
June-15-2023T03-07-56,26.767,77.801
June-15-2023T03-11-35,26.681,78.075
June-15-2023T03-15-13,26.595,78.442
June-15-2023T03-18-52,26.563,78.609
June-15-2023T03-22-30,26.563,78.693
June-15-2023T03-26-09,26.52,78.884
June-15-2023T03-29-48,26.509,79.044
June-15-2023T03-33-26,26.509,79.021
June-15-2023T03-37-05,26.52,78.938
June-15-2023T03-40-43,26.52,79.021
June-15-2023T03-44-22,26.595,78.8
June-15-2023T03-48-00,26.659,78.556
June-15-2023T03-51-39,26.734,78.327
June-15-2023T03-55-17,26.799,78.243
June-15-2023T03-58-56,26.82,78.175
June-15-2023T04-02-34,26.82,78.175
June-15-2023T04-06-13,26.831,78.144
June-15-2023T04-09-52,26.874,78.091
June-15-2023T04-13-30,26.852,78.228
June-15-2023T04-17-09,26.831,78.259
June-15-2023T04-20-49,26.777,78.541
June-15-2023T04-24-27,26.745,78.648
June-15-2023T04-28-06,26.702,78.869
June-15-2023T04-31-44,26.638,79.128
June-15-2023T04-35-23,26.584,79.456
June-15-2023T04-39-01,26.552,79.678
June-15-2023T04-42-40,26.466,79.906
June-15-2023T04-46-18,26.402,80.151
June-15-2023T04-49-57,26.37,80.311
June-15-2023T04-53-36,26.305,80.54
June-15-2023T04-57-14,26.295,80.57
June-15-2023T05-00-53,26.295,80.647
June-15-2023T05-04-31,26.327,80.555
June-15-2023T05-08-10,26.338,80.471
June-15-2023T05-11-48,26.38,80.28
June-15-2023T05-15-27,26.423,80.067
June-15-2023T05-19-05,26.466,79.853
June-15-2023T05-22-44,26.477,79.784
June-15-2023T05-26-23,26.466,79.891
June-15-2023T05-30-01,26.456,79.906
June-15-2023T05-33-40,26.509,79.754
June-15-2023T05-37-18,26.531,79.617
June-15-2023T05-40-57,26.52,79.647
June-15-2023T05-44-36,26.541,79.617
June-15-2023T05-48-16,26.552,79.594
June-15-2023T05-51-55,26.595,79.51
June-15-2023T05-55-34,26.616,79.403
June-15-2023T05-59-14,26.616,79.403
June-15-2023T06-02-53,26.681,79.121
June-15-2023T06-06-32,26.713,79.06
June-15-2023T06-10-12,26.734,78.983
June-15-2023T06-13-51,26.799,78.869
June-15-2023T06-17-30,26.874,78.64
June-15-2023T06-21-10,26.992,78.175
June-15-2023T06-24-49,27.088,77.938
June-15-2023T06-28-28,27.228,77.404
June-15-2023T06-32-08,27.346,77.091
June-15-2023T06-35-47,27.517,76.496
June-15-2023T06-39-26,27.7,75.909
June-15-2023T06-43-06,27.882,75.42
June-15-2023T06-46-45,28.043,74.97
June-15-2023T06-50-25,28.247,74.322
June-15-2023T06-54-04,28.472,73.589
June-15-2023T06-57-44,28.772,72.651
June-15-2023T07-01-23,29.137,71.507
June-15-2023T07-05-03,29.48,70.507
June-15-2023T07-08-42,29.78,69.553
June-15-2023T07-12-21,30.059,68.737
June-15-2023T07-16-01,30.306,67.966
June-15-2023T07-19-40,30.671,66.761
June-15-2023T07-23-19,31.014,65.792
June-15-2023T07-26-59,31.507,64.297
June-15-2023T07-30-38,32.14,62.42
June-15-2023T07-34-18,32.751,60.497
June-15-2023T07-37-57,33.556,58.392
June-15-2023T07-41-36,34.574,55.828
June-15-2023T07-45-16,35.422,53.791
June-15-2023T07-48-55,36.055,52.036
June-15-2023T07-52-34,36.248,51.548
June-15-2023T07-56-14,35.851,52.532
June-15-2023T07-59-54,36.73,50.495
June-15-2023T08-03-34,37.438,48.847
June-15-2023T08-07-13,38.21,47.184
June-15-2023T08-10-52,38.832,46.009
June-15-2023T08-14-32,39.369,44.865
June-15-2023T08-18-11,40.162,43.453
June-15-2023T08-21-51,40.034,43.674
June-15-2023T08-25-30,40.666,42.69
June-15-2023T08-29-09,41.245,41.752
June-15-2023T08-32-49,41.16,41.904
June-15-2023T08-36-28,41.16,41.935
June-15-2023T08-40-08,41.857,40.966
June-15-2023T08-43-47,42.039,40.882
June-15-2023T08-47-26,40.859,42.82
June-15-2023T08-51-06,39.562,45.17
June-15-2023T08-54-45,39.229,45.979
June-15-2023T08-58-25,40.58,43.636
June-15-2023T09-02-05,41.91,41.485
June-15-2023T09-05-44,42.919,39.898
June-15-2023T09-09-24,43.337,39.31
June-15-2023T09-13-03,43.219,39.547
June-15-2023T09-16-43,41.16,42.843
June-15-2023T09-20-22,40.559,43.949
June-15-2023T09-24-01,40.076,44.819
June-15-2023T09-27-41,39.422,46.009
June-15-2023T09-31-20,40.656,44.01
June-15-2023T09-35-00,42.543,40.867
June-15-2023T09-38-39,44.066,38.868
June-15-2023T09-42-18,45.085,37.647
June-15-2023T09-43-42,45.568,36.755
June-15-2023T09-47-21,44.924,37.388
June-15-2023T09-51-00,45.149,37.365
June-15-2023T09-54-39,46.115,36.06
June-15-2023T09-58-18,45.857,36.35
June-15-2023T10-01-58,47.144,34.748
June-15-2023T10-05-37,47.112,34.626
June-15-2023T10-09-16,48.324,33.161
June-15-2023T10-12-55,48.442,33.031
June-15-2023T10-16-34,48.828,32.665
June-15-2023T10-20-13,49.182,32.07
June-15-2023T10-23-53,49.203,32.116
June-15-2023T10-27-32,49.032,32.307
June-15-2023T10-31-11,49.976,31.277
June-15-2023T10-34-50,50.523,30.445
June-15-2023T10-38-29,50.619,30.193
June-15-2023T10-42-08,50.823,29.972
June-15-2023T10-45-48,51.252,29.583
June-15-2023T10-49-27,50.705,30.079
June-15-2023T10-53-06,48.742,32.444
June-15-2023T10-56-45,48.742,32.566
June-15-2023T11-00-24,49.053,32.101
June-15-2023T11-04-03,50.115,30.911
June-15-2023T11-07-43,49.418,31.506
June-15-2023T11-11-22,48.131,33.1
June-15-2023T11-15-01,49.096,31.849
June-15-2023T11-18-41,49.686,30.956
June-15-2023T11-22-20,50.019,30.109
June-15-2023T11-25-59,50.705,29.415
June-15-2023T11-29-38,51.316,28.721
June-15-2023T11-33-17,51.777,28.164
June-15-2023T11-36-56,51.981,27.882
June-15-2023T11-40-36,51.992,27.813
June-15-2023T11-44-15,51.895,27.76
June-15-2023T11-47-54,52.035,27.607
June-15-2023T11-51-33,52.324,27.424
June-15-2023T11-55-12,52.636,26.974
June-15-2023T11-58-51,52.796,26.691
June-15-2023T12-02-31,53.161,26.341
June-15-2023T12-06-10,53.429,26.119
June-15-2023T12-09-49,53.418,25.951
June-15-2023T12-13-28,53.225,25.982
June-15-2023T12-17-07,53.633,25.631
June-15-2023T12-20-46,54.201,25.089
June-15-2023T12-24-26,55.07,24.265
June-15-2023T12-28-06,55.563,23.8
June-15-2023T12-31-45,55.832,23.563
June-15-2023T12-35-24,55.982,23.403
June-15-2023T12-39-03,56.132,23.159
June-15-2023T12-42-42,55.714,23.518
June-15-2023T12-46-21,54.577,24.441
June-15-2023T12-50-01,54.309,24.586
June-15-2023T12-53-40,54.877,24.082
June-15-2023T12-57-19,55.639,23.464
June-15-2023T13-00-58,55.263,23.647
June-15-2023T13-04-37,55.799,23.136
June-15-2023T13-08-16,56.1,22.823
June-15-2023T13-11-56,56.303,22.541
June-15-2023T13-15-35,56.379,22.381
June-15-2023T13-19-14,56.818,22.03
June-15-2023T13-22-53,56.572,22.228
June-15-2023T13-26-32,56.797,21.984
June-15-2023T13-30-11,56.732,21.9
June-15-2023T13-33-51,56.893,21.656
June-15-2023T13-37-30,56.829,21.687
June-15-2023T13-41-09,56.786,21.565
June-15-2023T13-44-48,56.786,21.519
June-15-2023T13-48-27,56.561,21.679
June-15-2023T13-52-06,56.604,21.847
June-15-2023T13-55-46,56.539,22.083
June-15-2023T13-59-25,56.947,22.038
June-15-2023T14-03-04,56.936,22.121
June-15-2023T14-06-43,57.762,21.755
June-15-2023T14-10-22,57.987,21.854
June-15-2023T14-14-01,58.234,22.076
June-15-2023T14-17-41,58.524,22.099
June-15-2023T14-21-20,58.631,22.106
June-15-2023T14-24-59,58.041,22.656
June-15-2023T14-28-38,58.105,22.709
June-15-2023T14-32-17,58.298,22.511
June-15-2023T14-35-56,58.137,22.663
June-15-2023T14-39-36,57.719,22.9
June-15-2023T14-43-15,57.526,22.747
June-15-2023T14-46-54,57.473,22.793
June-15-2023T14-50-33,57.848,22.472
June-15-2023T14-54-12,57.558,22.663
June-15-2023T14-57-51,56.84,23.083
June-15-2023T15-01-31,56.443,23.35
June-15-2023T15-05-10,56.239,23.548
June-15-2023T15-08-49,55.735,24.021
June-15-2023T15-12-28,56.11,23.67
June-15-2023T15-16-07,56.089,23.586
June-15-2023T15-19-46,55.971,23.655
June-15-2023T15-23-26,56.346,23.38
June-15-2023T15-27-05,56.379,23.228
June-15-2023T15-30-44,55.328,24.029
June-15-2023T15-34-23,54.587,24.693
June-15-2023T15-38-02,54.523,24.807
June-15-2023T15-41-41,54.695,24.708
June-15-2023T15-45-21,54.866,24.494
June-15-2023T15-49-00,54.705,24.662
June-15-2023T15-52-39,54.148,25.036
June-15-2023T15-56-18,54.191,25.036
June-15-2023T15-59-57,53.322,25.768
June-15-2023T16-03-36,52.871,26.165
June-15-2023T16-07-16,52.657,26.356
June-15-2023T16-10-55,52.518,26.47
June-15-2023T16-14-34,52.035,26.936
June-15-2023T16-18-13,52.013,26.936
June-15-2023T16-21-52,49.665,29.331
June-15-2023T16-25-31,49.182,29.827
June-15-2023T16-29-11,48.689,30.407
June-15-2023T16-32-50,48.517,30.598
June-15-2023T16-36-29,48.335,30.834
June-15-2023T16-40-08,48.045,31.178
June-15-2023T16-43-47,47.798,31.414
June-15-2023T16-47-27,46.887,32.566
June-15-2023T16-51-06,45.192,34.931
June-15-2023T16-54-45,43.412,37.296
June-15-2023T16-58-24,42.2,38.914
June-15-2023T17-02-03,41.514,39.883
June-15-2023T17-05-42,41.16,40.409
June-15-2023T17-09-22,40.967,40.63
June-15-2023T17-13-01,40.559,41.248
June-15-2023T17-16-40,40.151,41.935
June-15-2023T17-20-19,39.873,42.377
June-15-2023T17-23-58,39.605,42.751
June-15-2023T17-27-38,39.218,43.362
June-15-2023T17-31-17,39.122,43.568
June-15-2023T17-34-56,39.047,43.613
June-15-2023T17-38-35,38.768,44.041
June-15-2023T17-42-14,38.618,44.331
June-15-2023T17-45-54,38.435,44.758
June-15-2023T17-49-33,38.35,44.941
June-15-2023T17-53-12,38.275,45.078
June-15-2023T17-56-51,38.039,45.582
June-15-2023T18-00-30,37.706,46.261
June-15-2023T18-04-10,37.459,46.856
June-15-2023T18-07-49,37.299,47.245
June-15-2023T18-11-29,37.202,47.527
June-15-2023T18-15-08,37.041,47.916
June-15-2023T18-18-47,36.87,48.336
June-15-2023T18-22-27,36.752,48.679
June-15-2023T18-26-06,36.634,48.962
June-15-2023T18-29-45,36.301,49.809
June-15-2023T18-33-24,36.108,50.327
June-15-2023T18-37-03,35.979,50.709
June-15-2023T18-40-43,35.904,50.884
June-15-2023T18-44-22,35.765,51.266
June-15-2023T18-48-01,35.626,51.792
June-15-2023T18-51-40,35.368,52.38
June-15-2023T18-55-19,35.186,52.837
June-15-2023T18-58-59,35.025,53.257
June-15-2023T19-02-38,34.778,53.776
June-15-2023T19-06-17,34.671,54.104
June-15-2023T19-09-56,34.564,54.371
June-15-2023T19-13-34,34.446,54.668
June-15-2023T19-17-13,34.328,55.027
June-15-2023T19-20-51,34.221,55.325
June-15-2023T19-24-32,34.092,55.63
June-15-2023T19-28-11,34.027,55.866
June-15-2023T19-31-49,34.006,55.958
June-15-2023T19-35-27,33.974,56.164
June-15-2023T19-39-06,33.813,56.583
June-15-2023T19-42-44,33.738,56.82
June-15-2023T19-46-23,33.663,57.056
June-15-2023T19-50-01,33.62,57.148
June-15-2023T19-53-39,33.556,57.323
June-15-2023T19-57-18,33.502,57.529
June-15-2023T20-00-56,33.384,57.858
June-15-2023T20-04-34,33.352,57.98
June-15-2023T20-08-13,33.277,58.155
June-15-2023T20-11-51,33.18,58.453
June-15-2023T20-15-30,33.116,58.689
June-15-2023T20-19-08,33.127,58.659
June-15-2023T20-22-46,33.169,58.659
June-15-2023T20-26-25,33.159,58.72
June-15-2023T20-30-03,33.062,59.017
June-15-2023T20-33-42,32.987,59.254
June-15-2023T20-37-20,32.976,59.429
June-15-2023T20-40-58,32.976,59.49
June-15-2023T20-44-37,32.976,59.582
June-15-2023T20-48-15,32.923,59.849
June-15-2023T20-51-54,32.869,60.116
June-15-2023T20-55-32,32.869,60.261
June-15-2023T20-59-10,32.773,60.612
June-15-2023T21-02-49,32.719,60.879
June-15-2023T21-06-27,32.655,61.207
June-15-2023T21-10-06,32.601,61.443
June-15-2023T21-13-44,32.665,61.321
June-15-2023T21-17-22,32.622,61.596
June-15-2023T21-21-01,32.515,61.977
June-15-2023T21-24-39,32.462,62.298
June-15-2023T21-28-17,32.344,62.74
June-15-2023T21-31-56,32.279,63.038
June-15-2023T21-35-34,32.29,63.152
June-15-2023T21-39-13,32.204,63.48
June-15-2023T21-42-51,32.065,63.923
June-15-2023T21-46-29,31.979,64.304
June-15-2023T21-50-08,31.893,64.632
June-15-2023T21-53-46,31.85,64.869
June-15-2023T21-57-25,31.872,64.869
June-15-2023T22-01-03,31.882,64.869
June-15-2023T22-04-41,31.861,65.044
June-15-2023T22-08-20,31.797,65.311
June-15-2023T22-11-58,31.786,65.449
June-15-2023T22-15-36,31.711,65.807
June-15-2023T22-19-15,31.657,66.158
June-15-2023T22-22-53,31.571,66.456
June-15-2023T22-26-32,31.646,66.311
June-15-2023T22-30-10,31.711,66.158
June-15-2023T22-33-48,31.668,66.341
June-15-2023T22-37-27,31.646,66.372
June-15-2023T22-41-05,31.571,66.662
June-15-2023T22-44-43,31.421,67.143
June-15-2023T22-48-22,31.4,67.287
June-15-2023T22-52-00,31.443,67.204
June-15-2023T22-55-39,31.507,67.066
June-15-2023T22-59-17,31.529,67.043
June-15-2023T23-02-55,31.539,67.043
June-15-2023T23-06-34,31.421,67.455
June-15-2023T23-10-12,31.271,67.921
June-15-2023T23-13-51,31.196,68.165
June-15-2023T23-17-29,31.11,68.501
June-15-2023T23-21-07,31.035,68.661
June-15-2023T23-24-46,30.939,68.989
June-15-2023T23-28-24,30.821,69.424
June-15-2023T23-32-03,30.746,69.706
June-15-2023T23-35-41,30.724,69.782
June-15-2023T23-39-19,30.681,70.004
June-15-2023T23-42-58,30.606,70.225
June-15-2023T23-46-36,30.585,70.37
June-15-2023T23-50-14,30.563,70.507
June-15-2023T23-53-53,30.52,70.637
June-15-2023T23-57-31,30.477,70.774
June-16-2023T00-01-10,30.424,70.965
June-16-2023T00-04-48,30.381,71.095
June-16-2023T00-08-26,30.327,71.239
June-16-2023T00-12-05,30.242,71.514
June-16-2023T00-15-43,30.231,71.705
June-16-2023T00-19-22,30.242,71.514
June-16-2023T00-23-00,30.242,71.514
June-16-2023T00-26-38,30.242,71.568
June-16-2023T00-30-17,30.231,71.598
June-16-2023T00-33-55,30.242,71.514
June-16-2023T00-37-33,30.274,71.346
June-16-2023T00-41-12,30.37,71.018
June-16-2023T00-44-51,30.37,71.072
June-16-2023T00-48-29,30.242,71.43
June-16-2023T00-52-07,30.263,71.461
June-16-2023T00-55-46,30.381,71.125
June-16-2023T00-59-24,30.456,70.889
June-16-2023T01-03-02,30.402,71.018
June-16-2023T01-06-41,30.37,71.156
June-16-2023T01-10-19,30.424,70.965
June-16-2023T01-13-58,30.392,70.934
June-16-2023T01-17-36,30.359,70.988
June-16-2023T01-21-14,30.359,70.904
June-16-2023T01-24-53,30.242,71.156
June-16-2023T01-28-31,30.199,71.369
June-16-2023T01-32-10,30.048,71.796
June-16-2023T01-35-48,29.952,72.132
June-16-2023T01-39-26,29.845,72.453
June-16-2023T01-43-05,29.791,72.643
June-16-2023T01-46-43,29.748,72.865
June-16-2023T01-50-22,29.737,72.926
June-16-2023T01-54-00,29.695,73.025
June-16-2023T01-57-38,29.737,72.948
June-16-2023T02-01-17,29.748,72.926
June-16-2023T02-04-55,29.641,73.193
June-16-2023T02-08-34,29.577,73.467
June-16-2023T02-12-12,29.469,73.841
June-16-2023T02-15-50,29.416,74.009
June-16-2023T02-19-29,29.448,73.986
June-16-2023T02-23-07,29.609,73.467
June-16-2023T02-26-45,29.78,72.926
June-16-2023T02-30-24,29.845,72.674
June-16-2023T02-34-02,29.791,72.926
June-16-2023T02-37-41,29.748,73.063
June-16-2023T02-41-19,29.705,73.223
June-16-2023T02-44-57,29.705,73.246
June-16-2023T02-48-36,29.587,73.582
June-16-2023T02-52-14,29.437,74.093
June-16-2023T02-55-53,29.33,74.467
June-16-2023T02-59-31,29.33,74.497
June-16-2023T03-03-09,29.383,74.245
June-16-2023T03-06-48,29.394,74.23
June-16-2023T03-10-26,29.416,74.123
June-16-2023T03-14-05,29.437,74.009
June-16-2023T03-17-43,29.459,73.902
June-16-2023T03-21-21,29.469,73.841
June-16-2023T03-25-00,29.437,73.925
June-16-2023T03-28-38,29.383,74.001
June-16-2023T03-32-17,29.341,74.139
June-16-2023T03-35-55,29.244,74.444
June-16-2023T03-39-33,29.115,74.924
June-16-2023T03-43-12,28.987,75.352
June-16-2023T03-46-50,28.933,75.604
June-16-2023T03-50-29,28.997,75.352
June-16-2023T03-54-07,28.965,75.352
June-16-2023T03-57-45,28.901,75.573
June-16-2023T04-01-24,28.804,75.817
June-16-2023T04-05-02,28.729,76.008
June-16-2023T04-08-40,28.654,76.183
June-16-2023T04-12-19,28.643,76.13
June-16-2023T04-15-57,28.611,76.16
June-16-2023T04-19-36,28.643,75.993
June-16-2023T04-23-14,28.611,76.023
June-16-2023T04-26-52,28.579,76.046
June-16-2023T04-30-31,28.515,76.214
June-16-2023T04-34-09,28.483,76.199
June-16-2023T04-37-48,28.386,76.504
June-16-2023T04-41-26,28.268,76.824
June-16-2023T04-45-04,28.172,77.114
June-16-2023T04-48-43,28.054,77.442
June-16-2023T04-52-21,28.021,77.457
June-16-2023T04-56-00,27.957,77.671
June-16-2023T04-59-38,27.893,77.892
June-16-2023T05-03-16,27.882,77.946
June-16-2023T05-06-55,27.828,78.106
June-16-2023T05-10-33,27.785,78.213
June-16-2023T05-14-11,27.721,78.403
June-16-2023T05-17-50,27.818,78.106
June-16-2023T05-21-28,28.011,77.32
June-16-2023T05-25-07,28.236,76.55
June-16-2023T05-28-45,28.408,75.954
June-16-2023T05-32-23,28.472,75.68
June-16-2023T05-36-02,28.515,75.55
June-16-2023T05-39-40,28.45,75.703
June-16-2023T05-43-19,28.29,76.191
June-16-2023T05-46-59,28.096,77.0
June-16-2023T05-50-38,27.936,77.534
June-16-2023T05-54-17,27.785,78.045
June-16-2023T05-57-56,27.646,78.526
June-16-2023T06-01-35,27.582,78.8
June-16-2023T06-05-14,27.528,78.915
June-16-2023T06-08-54,27.571,78.724
June-16-2023T06-12-33,27.614,78.472
June-16-2023T06-16-12,27.592,78.556
June-16-2023T06-19-51,27.539,78.724
June-16-2023T06-23-30,27.571,78.579
June-16-2023T06-27-10,27.625,78.419
June-16-2023T06-30-49,27.721,78.106
June-16-2023T06-34-28,27.828,77.702
June-16-2023T06-38-07,27.893,77.374
June-16-2023T06-41-46,27.914,77.32
June-16-2023T06-45-26,27.968,77.183
June-16-2023T06-49-05,28.107,76.756
June-16-2023T06-52-44,28.257,76.138
June-16-2023T06-56-23,28.408,75.626
June-16-2023T07-00-02,28.59,75.054
June-16-2023T07-03-42,28.89,74.085
June-16-2023T07-07-21,29.19,73.078
June-16-2023T07-11-00,29.33,72.674
June-16-2023T07-14-39,29.437,72.239
June-16-2023T07-18-18,29.437,72.186
June-16-2023T07-21-58,29.609,71.56
June-16-2023T07-25-37,29.684,71.201
June-16-2023T07-29-16,30.231,69.546
June-16-2023T07-32-55,30.585,68.478
June-16-2023T07-36-34,31.936,64.243
June-16-2023T07-40-14,32.783,61.71
June-16-2023T07-43-53,33.706,59.017
June-16-2023T07-47-32,33.834,58.659
June-16-2023T07-51-12,33.909,58.331
June-16-2023T07-54-51,33.341,59.849
June-16-2023T07-58-30,32.655,61.649
June-16-2023T08-02-10,32.397,62.359
June-16-2023T08-05-49,32.118,63.068
June-16-2023T08-09-29,33.727,59.017
June-16-2023T08-13-08,33.974,58.361
June-16-2023T08-16-47,34.36,57.316
June-16-2023T08-20-27,35.701,53.936
June-16-2023T08-24-06,35.282,54.836
June-16-2023T08-27-46,35.701,53.814
June-16-2023T08-31-25,36.419,52.265
June-16-2023T08-35-04,37.073,50.686
June-16-2023T08-38-44,36.387,52.197
June-16-2023T08-42-23,36.194,52.486
June-16-2023T08-46-03,37.846,48.756
June-16-2023T08-49-42,39.336,45.658
June-16-2023T08-53-21,39.358,45.353
June-16-2023T08-57-01,39.283,45.658
June-16-2023T09-00-40,41.31,41.996
June-16-2023T09-04-20,42.79,39.6
June-16-2023T09-07-59,44.055,37.678
June-16-2023T09-11-39,44.753,36.594
June-16-2023T09-15-18,45.278,35.809
June-16-2023T09-18-57,45.997,34.557
June-16-2023T09-22-37,46.265,34.008
June-16-2023T09-26-16,46.469,33.489
June-16-2023T09-29-56,47.101,32.635
June-16-2023T09-33-36,47.434,32.002
June-16-2023T09-37-15,47.305,31.948
June-16-2023T09-40-55,47.681,31.193
June-16-2023T09-44-34,47.809,30.956
June-16-2023T09-48-13,48.249,30.003
June-16-2023T09-51-53,48.442,29.766
June-16-2023T09-55-32,48.689,29.324
June-16-2023T09-59-12,49.279,28.637
June-16-2023T10-02-51,48.925,28.965
June-16-2023T10-06-30,49.225,28.584
June-16-2023T10-10-10,49.429,28.263
June-16-2023T10-13-49,49.89,27.676
June-16-2023T10-17-29,49.997,27.401
June-16-2023T10-21-08,49.901,27.432
June-16-2023T10-24-47,49.515,27.821
June-16-2023T10-28-27,49.568,27.737
June-16-2023T10-32-06,49.815,27.554
June-16-2023T10-34-56,50.169,27.37
June-16-2023T10-38-35,49.868,27.805
June-16-2023T10-42-14,50.083,27.401
June-16-2023T10-45-53,50.544,26.73
June-16-2023T10-49-33,50.78,26.241
June-16-2023T10-53-12,51.348,25.753
June-16-2023T10-56-51,51.381,25.585
June-16-2023T11-00-30,51.627,25.318
June-16-2023T11-04-09,51.542,25.143
June-16-2023T11-07-48,51.273,25.196
June-16-2023T11-11-27,51.22,25.112
June-16-2023T11-15-07,51.37,24.792
June-16-2023T11-18-46,51.381,24.792
June-16-2023T11-22-25,51.316,24.708
June-16-2023T11-26-04,51.542,24.601
June-16-2023T11-29-43,51.81,24.326
June-16-2023T11-33-22,51.702,24.403
June-16-2023T11-37-02,51.681,24.357
June-16-2023T11-40-41,51.66,24.441
June-16-2023T11-44-20,51.895,24.372
June-16-2023T11-47-59,52.035,24.387
June-16-2023T11-51-39,52.121,24.555
June-16-2023T11-55-18,52.142,24.593
June-16-2023T11-58-57,52.142,24.555
June-16-2023T12-02-37,52.914,24.113
June-16-2023T12-06-16,53.494,24.151
June-16-2023T12-09-55,53.611,24.158
June-16-2023T12-13-34,53.794,24.128
June-16-2023T12-17-13,54.03,23.945
June-16-2023T12-20-52,54.201,23.701
June-16-2023T12-24-32,54.18,23.609
June-16-2023T12-28-11,54.276,23.533
June-16-2023T12-31-50,54.909,22.991
June-16-2023T12-35-29,55.274,22.724
June-16-2023T12-39-08,55.456,22.61
June-16-2023T12-42-47,55.499,22.732
June-16-2023T12-46-27,55.531,22.945
June-16-2023T12-50-06,55.649,22.831
June-16-2023T12-53-45,55.767,22.671
June-16-2023T12-57-24,55.928,22.434
June-16-2023T13-01-04,56.046,22.19
June-16-2023T13-04-43,55.853,22.083
June-16-2023T13-08-22,55.242,22.472
June-16-2023T13-12-02,55.049,22.709
June-16-2023T13-15-41,55.134,22.793
June-16-2023T13-19-20,55.445,22.778
June-16-2023T13-22-59,53.461,24.57
June-16-2023T13-26-38,51.992,25.936
June-16-2023T13-30-17,52.893,25.158
June-16-2023T13-33-57,53.44,24.86
June-16-2023T13-37-36,54.62,23.983
June-16-2023T13-41-15,55.606,23.212
June-16-2023T13-44-54,56.11,22.861
June-16-2023T13-48-33,56.561,22.312
June-16-2023T13-52-12,56.84,21.816
June-16-2023T13-55-52,56.711,21.77
June-16-2023T13-59-31,57.119,21.374
June-16-2023T14-03-10,57.473,20.977
June-16-2023T14-06-49,57.387,20.962
June-16-2023T14-10-29,57.054,20.908
June-16-2023T14-14-09,56.539,21.076
June-16-2023T14-17-48,56.743,21.015
June-16-2023T14-21-27,57.14,20.786
June-16-2023T14-25-06,57.515,20.336
June-16-2023T14-28-45,57.397,20.382
June-16-2023T14-32-24,56.947,20.687
June-16-2023T14-36-04,56.883,20.771
June-16-2023T14-39-43,56.818,20.931
June-16-2023T14-43-22,57.483,20.634
June-16-2023T14-47-01,57.912,20.489
June-16-2023T14-50-40,57.548,20.634
June-16-2023T14-54-19,56.818,21.099
June-16-2023T14-57-58,56.164,21.473
June-16-2023T15-01-38,56.1,21.603
June-16-2023T15-05-17,55.885,21.839
June-16-2023T15-08-56,55.692,22.129
June-16-2023T15-12-35,55.671,22.152
June-16-2023T15-16-14,55.381,22.396
June-16-2023T15-19-54,55.467,22.442
June-16-2023T15-23-33,54.813,22.984
June-16-2023T15-27-12,53.847,23.708
June-16-2023T15-30-51,54.427,23.296
June-16-2023T15-34-30,54.695,23.113
June-16-2023T15-38-09,54.727,23.151
June-16-2023T15-41-49,54.298,23.495
June-16-2023T15-45-28,54.18,23.609
June-16-2023T15-49-07,53.933,23.93
June-16-2023T15-52-46,53.161,24.54
June-16-2023T15-56-25,52.614,25.089
June-16-2023T16-00-04,52.721,25.059
June-16-2023T16-03-44,52.518,25.341
June-16-2023T16-07-23,52.378,25.539
June-16-2023T16-11-02,51.767,25.99
June-16-2023T16-14-41,51.735,25.738
June-16-2023T16-18-20,51.07,26.104
June-16-2023T16-22-00,50.662,26.203
June-16-2023T16-25-39,50.448,26.051
June-16-2023T16-29-20,49.997,26.112
June-16-2023T16-32-59,49.611,26.333
June-16-2023T16-36-39,49.354,26.516
June-16-2023T16-40-18,48.828,26.89
June-16-2023T16-43-57,47.949,27.699
June-16-2023T16-47-36,47.026,28.69
June-16-2023T16-51-15,45.922,29.766
June-16-2023T16-54-54,44.71,31.063
June-16-2023T16-58-34,43.358,32.612
June-16-2023T17-02-13,42.297,33.871
June-16-2023T17-05-52,41.599,34.786
June-16-2023T17-09-31,41.095,35.511
June-16-2023T17-13-10,40.43,36.282
June-16-2023T17-16-50,39.84,37.022
June-16-2023T17-20-29,39.551,37.464
June-16-2023T17-24-08,39.336,37.792
June-16-2023T17-27-47,39.154,38.219
June-16-2023T17-31-26,38.907,38.662
June-16-2023T17-35-06,38.725,39.127
June-16-2023T17-38-45,38.5,39.661
June-16-2023T17-42-24,38.371,40.02
June-16-2023T17-46-03,38.275,40.363
June-16-2023T17-49-42,38.06,40.974
June-16-2023T17-53-21,37.953,41.386
June-16-2023T17-57-01,37.899,41.744
June-16-2023T18-00-40,37.545,42.599
June-16-2023T18-04-19,37.309,43.4
June-16-2023T18-07-58,35.368,48.107
June-16-2023T18-11-37,31.797,56.713
