Image, TS, Inference, Score, Temperature, Humidity
clipped_image_June-14-2023T09-53-47.ppm, June-14-2023T09-53-47,0,0.9804,26.906,80.708
clipped_image_June-14-2023T09-57-26.ppm, June-14-2023T09-57-26,0,0.9531,26.96,80.357
clipped_image_June-14-2023T11-44-58.ppm, June-14-2023T11-44-58,0,0.875,38.446,47.237
clipped_image_June-14-2023T11-48-37.ppm, June-14-2023T11-48-37,0,0.9062,42.768,39.181
clipped_image_June-14-2023T11-52-16.ppm, June-14-2023T11-52-16,0,0.914,43.948,36.617
clipped_image_June-14-2023T11-55-55.ppm, June-14-2023T11-55-55,0,0.9335,43.208,37.807
clipped_image_June-14-2023T11-59-35.ppm, June-14-2023T11-59-35,0,0.9726,43.551,37.487
clipped_image_June-14-2023T12-03-14.ppm, June-14-2023T12-03-14,0,0.957,44.334,37.487
clipped_image_June-14-2023T12-06-53.ppm, June-14-2023T12-06-53,0,0.9648,44.506,37.647
clipped_image_June-14-2023T12-10-32.ppm, June-14-2023T12-10-32,0,0.9687,45.739,36.625
clipped_image_June-14-2023T12-14-11.ppm, June-14-2023T12-14-11,0,0.9726,46.801,35.213
clipped_image_June-14-2023T12-17-51.ppm, June-14-2023T12-17-51,0,0.9453,47.82,33.573
clipped_image_June-14-2023T12-21-30.ppm, June-14-2023T12-21-30,0,0.9726,48.828,32.665
clipped_image_June-14-2023T12-25-09.ppm, June-14-2023T12-25-09,0,0.9765,49.922,31.673
clipped_image_June-14-2023T12-28-48.ppm, June-14-2023T12-28-48,0,0.9687,50.641,31.376
clipped_image_June-14-2023T12-32-27.ppm, June-14-2023T12-32-27,0,0.9765,51.231,30.247
clipped_image_June-14-2023T12-36-06.ppm, June-14-2023T12-36-06,0,0.9687,51.338,30.346
clipped_image_June-14-2023T12-39-45.ppm, June-14-2023T12-39-45,0,0.9101,50.147,31.62
clipped_image_June-14-2023T12-43-24.ppm, June-14-2023T12-43-24,0,0.9531,49.139,32.986
clipped_image_June-14-2023T12-47-04.ppm, June-14-2023T12-47-04,0,0.9609,49,33.222
clipped_image_June-14-2023T12-50-43.ppm, June-14-2023T12-50-43,0,0.9726,49.536,32.604
clipped_image_June-14-2023T12-54-22.ppm, June-14-2023T12-54-22,0,0.9765,50.855,31.475
clipped_image_June-14-2023T12-58-01.ppm, June-14-2023T12-58-01,0,0.9804,50.898,30.178
clipped_image_June-14-2023T13-01-40.ppm, June-14-2023T13-01-40,0,0.9687,49.976,30.483
clipped_image_June-14-2023T13-05-19.ppm, June-14-2023T13-05-19,0,0.9765,49.075,31.017
clipped_image_June-14-2023T13-08-58.ppm, June-14-2023T13-08-58,0,0.9765,48.892,30.712
clipped_image_June-14-2023T13-12-38.ppm, June-14-2023T13-12-38,0,0.9765,48.431,31.086
clipped_image_June-14-2023T13-16-17.ppm, June-14-2023T13-16-17,0,0.9726,47.895,31.582
clipped_image_June-14-2023T13-19-56.ppm, June-14-2023T13-19-56,0,0.9726,48.324,31.376
clipped_image_June-14-2023T13-23-35.ppm, June-14-2023T13-23-35,0,0.9726,48.603,31.734
clipped_image_June-14-2023T13-27-14.ppm, June-14-2023T13-27-14,0,0.9687,49.032,32.269
clipped_image_June-14-2023T13-30-53.ppm, June-14-2023T13-30-53,0,0.957,49.879,31.757
clipped_image_June-14-2023T13-34-32.ppm, June-14-2023T13-34-32,0,0.9609,49.236,31.078
clipped_image_June-14-2023T13-38-12.ppm, June-14-2023T13-38-12,0,0.9609,49.472,32.185
clipped_image_June-14-2023T13-41-51.ppm, June-14-2023T13-41-51,0,0.9687,51.295,31.055
clipped_image_June-14-2023T13-45-30.ppm, June-14-2023T13-45-30,0,0.9648,52.871,29.301
clipped_image_June-14-2023T13-49-09.ppm, June-14-2023T13-49-09,0,0.9531,53.644,28.69
clipped_image_June-14-2023T13-52-48.ppm, June-14-2023T13-52-48,0,0.9531,53.654,28.606
clipped_image_June-14-2023T13-56-27.ppm, June-14-2023T13-56-27,0,0.9531,53.504,28.889
clipped_image_June-14-2023T14-00-06.ppm, June-14-2023T14-00-06,0,0.9492,54.083,28.858
clipped_image_June-14-2023T14-03-46.ppm, June-14-2023T14-03-46,0,0.9335,54.587,27.973
clipped_image_June-14-2023T14-07-25.ppm, June-14-2023T14-07-25,0,0.9218,54.77,28.027
clipped_image_June-14-2023T14-11-04.ppm, June-14-2023T14-11-04,0,0.9335,54.888,27.66
clipped_image_June-14-2023T14-14-43.ppm, June-14-2023T14-14-43,0,0.8945,54.738,27.859
clipped_image_June-14-2023T14-18-22.ppm, June-14-2023T14-18-22,0,0.9023,53.483,28.973
clipped_image_June-14-2023T14-22-01.ppm, June-14-2023T14-22-01,0,0.8828,53.097,29.026
clipped_image_June-14-2023T14-25-41.ppm, June-14-2023T14-25-41,0,0.8554,51.917,30.01
clipped_image_June-14-2023T14-29-20.ppm, June-14-2023T14-29-20,0,0.8671,50.759,31.666
clipped_image_June-14-2023T14-32-59.ppm, June-14-2023T14-32-59,0,0.8437,49.75,32.703
clipped_image_June-14-2023T14-36-38.ppm, June-14-2023T14-36-38,0,0.7929,49.375,32.963
clipped_image_June-14-2023T14-40-17.ppm, June-14-2023T14-40-17,0,0.8593,50.716,31.124
clipped_image_June-14-2023T14-43-57.ppm, June-14-2023T14-43-57,0,0.871,50.255,31.162
clipped_image_June-14-2023T14-47-36.ppm, June-14-2023T14-47-36,0,0.7539,49.118,32.444
clipped_image_June-14-2023T14-51-15.ppm, June-14-2023T14-51-15,0,0.7265,49.729,31.826
clipped_image_June-14-2023T14-54-54.ppm, June-14-2023T14-54-54,0,0.7187,49.965,30.941
clipped_image_June-14-2023T14-58-33.ppm, June-14-2023T14-58-33,0,0.6875,50.759,30.415
clipped_image_June-14-2023T15-02-13.ppm, June-14-2023T15-02-13,0,0.8046,49.879,30.132
clipped_image_June-14-2023T15-05-52.ppm, June-14-2023T15-05-52,0,0.7773,47.369,32.284
clipped_image_June-14-2023T15-09-31.ppm, June-14-2023T15-09-31,0,0.789,46.404,33.237
clipped_image_June-14-2023T15-13-10.ppm, June-14-2023T15-13-10,0,0.8007,45.546,35
clipped_image_June-14-2023T15-16-49.ppm, June-14-2023T15-16-49,0,0.7265,44.463,36.213
clipped_image_June-14-2023T15-20-29.ppm, June-14-2023T15-20-29,0,0.7539,44.592,36.297
clipped_image_June-14-2023T15-24-08.ppm, June-14-2023T15-24-08,0,0.7382,43.819,37.266
clipped_image_June-14-2023T15-27-47.ppm, June-14-2023T15-27-47,0,0.7968,42.801,38.83
clipped_image_June-14-2023T15-31-26.ppm, June-14-2023T15-31-26,0,0.7187,43.101,38.799
clipped_image_June-14-2023T15-35-06.ppm, June-14-2023T15-35-06,0,0.7695,43.508,38.586
clipped_image_June-14-2023T15-38-45.ppm, June-14-2023T15-38-45,0,0.7539,44.227,38.052
clipped_image_June-14-2023T15-42-24.ppm, June-14-2023T15-42-24,0,0.7265,44.989,37.418
clipped_image_June-14-2023T15-46-03.ppm, June-14-2023T15-46-03,0,0.7265,45.096,37.617
clipped_image_June-14-2023T15-49-43.ppm, June-14-2023T15-49-43,0,0.6367,46.393,36.839
clipped_image_June-14-2023T15-53-22.ppm, June-14-2023T15-53-22,0,0.7617,48.828,32.749
clipped_image_June-14-2023T15-57-01.ppm, June-14-2023T15-57-01,0,0.6679,48.142,33.39
clipped_image_June-14-2023T16-00-41.ppm, June-14-2023T16-00-41,0,0.5898,48.185,33.062
clipped_image_June-14-2023T16-04-20.ppm, June-14-2023T16-04-20,0,0.6367,47.841,32.406
clipped_image_June-14-2023T16-07-59.ppm, June-14-2023T16-07-59,0,0.6132,46.587,33.794
clipped_image_June-14-2023T16-11-38.ppm, June-14-2023T16-11-38,0,0.6132,48.152,31.567
clipped_image_June-14-2023T16-15-18.ppm, June-14-2023T16-15-18,0,0.707,49.515,29.652
clipped_image_June-14-2023T16-18-57.ppm, June-14-2023T16-18-57,0,0.625,48.86,30.384
clipped_image_June-14-2023T16-22-36.ppm, June-14-2023T16-22-36,0,0.707,49.203,29.575
clipped_image_June-14-2023T16-26-16.ppm, June-14-2023T16-26-16,0,0.6679,49.439,29.552
clipped_image_June-14-2023T16-29-55.ppm, June-14-2023T16-29-55,0,0.8593,49.429,29.011
clipped_image_June-14-2023T16-33-34.ppm, June-14-2023T16-33-34,0,0.6875,48.892,29.095
clipped_image_June-14-2023T16-37-14.ppm, June-14-2023T16-37-14,0,0.7187,47.949,29.896
clipped_image_June-14-2023T16-40-53.ppm, June-14-2023T16-40-53,0,0.6445,46.983,30.552
clipped_image_June-14-2023T16-44-32.ppm, June-14-2023T16-44-32,1,0.6289,46.351,31.117
clipped_image_June-14-2023T16-48-11.ppm, June-14-2023T16-48-11,1,0.7031,44.956,32.558
clipped_image_June-14-2023T16-51-51.ppm, June-14-2023T16-51-51,1,0.7109,43.412,35.007
clipped_image_June-14-2023T16-55-30.ppm, June-14-2023T16-55-30,1,0.6171,42.114,36.015
clipped_image_June-14-2023T16-59-09.ppm, June-14-2023T16-59-09,1,0.707,40.613,38.235
clipped_image_June-14-2023T17-02-49.ppm, June-14-2023T17-02-49,1,0.7773,39.851,39.44
clipped_image_June-14-2023T17-06-28.ppm, June-14-2023T17-06-28,1,0.7812,39.411,39.486
clipped_image_June-14-2023T17-10-07.ppm, June-14-2023T17-10-07,1,0.789,39.218,40.6
clipped_image_June-14-2023T17-13-47.ppm, June-14-2023T17-13-47,1,0.7968,38.864,41.66
clipped_image_June-14-2023T17-17-26.ppm, June-14-2023T17-17-26,1,0.789,38.5,42.828
clipped_image_June-14-2023T17-21-05.ppm, June-14-2023T17-21-05,1,0.7968,38.242,43.545
clipped_image_June-14-2023T17-24-45.ppm, June-14-2023T17-24-45,1,0.7968,37.878,44.392
clipped_image_June-14-2023T17-28-24.ppm, June-14-2023T17-28-24,1,0.8007,37.695,45.368
clipped_image_June-14-2023T17-32-03.ppm, June-14-2023T17-32-03,1,0.7812,37.513,46.474
clipped_image_June-14-2023T17-35-43.ppm, June-14-2023T17-35-43,1,0.7734,37.213,47.665
clipped_image_June-14-2023T17-39-22.ppm, June-14-2023T17-39-22,1,0.8164,36.966,48.634
clipped_image_June-14-2023T17-43-01.ppm, June-14-2023T17-43-01,1,0.8007,36.741,49.335
clipped_image_June-14-2023T17-46-41.ppm, June-14-2023T17-46-41,1,0.6093,36.494,50.312
clipped_image_June-14-2023T17-50-20.ppm, June-14-2023T17-50-20,1,0.5195,36.462,50.655
clipped_image_June-14-2023T17-53-59.ppm, June-14-2023T17-53-59,1,0.5664,36.441,50.587
clipped_image_June-14-2023T17-57-39.ppm, June-14-2023T17-57-39,1,0.6093,36.183,51.456
clipped_image_June-14-2023T18-01-18.ppm, June-14-2023T18-01-18,1,0.5976,35.883,52.258
clipped_image_June-14-2023T18-04-57.ppm, June-14-2023T18-04-57,1,0.6445,35.69,52.982
clipped_image_June-14-2023T18-08-37.ppm, June-14-2023T18-08-37,1,0.5898,35.357,53.883
clipped_image_June-14-2023T18-12-16.ppm, June-14-2023T18-12-16,1,0.6015,35.089,54.478
clipped_image_June-14-2023T18-15-55.ppm, June-14-2023T18-15-55,1,0.6445,34.832,55.111
clipped_image_June-14-2023T18-19-35.ppm, June-14-2023T18-19-35,1,0.7304,34.607,55.47
clipped_image_June-14-2023T18-23-14.ppm, June-14-2023T18-23-14,1,0.7187,34.274,56.454
clipped_image_June-14-2023T18-26-53.ppm, June-14-2023T18-26-53,1,0.707,33.985,56.904
clipped_image_June-14-2023T18-30-33.ppm, June-14-2023T18-30-33,1,0.8242,33.684,57.98
clipped_image_June-14-2023T18-34-12.ppm, June-14-2023T18-34-12,1,0.8906,33.556,58.3
clipped_image_June-14-2023T18-37-51.ppm, June-14-2023T18-37-51,1,0.875,33.245,58.926
clipped_image_June-14-2023T18-41-31.ppm, June-14-2023T18-41-31,1,0.8593,32.976,59.933
clipped_image_June-14-2023T18-45-10.ppm, June-14-2023T18-45-10,1,0.8359,32.837,60.23
clipped_image_June-14-2023T18-48-50.ppm, June-14-2023T18-48-50,1,0.8789,32.708,60.703
clipped_image_June-14-2023T18-52-30.ppm, June-14-2023T18-52-30,1,0.8398,32.547,61.207
clipped_image_June-14-2023T18-56-09.ppm, June-14-2023T18-56-09,0,0.8242,32.397,61.352
clipped_image_June-14-2023T18-59-48.ppm, June-14-2023T18-59-48,0,0.8632,32.193,61.764
clipped_image_June-14-2023T19-03-28.ppm, June-14-2023T19-03-28,0,0.9062,32.043,62.206
clipped_image_June-14-2023T19-07-07.ppm, June-14-2023T19-07-07,0,0.8671,31.947,62.534
clipped_image_June-14-2023T19-10-46.ppm, June-14-2023T19-10-46,0,0.8593,31.872,62.771
clipped_image_June-14-2023T19-14-24.ppm, June-14-2023T19-14-24,0,0.8242,31.84,62.885
clipped_image_June-14-2023T19-18-03.ppm, June-14-2023T19-18-03,0,0.8203,31.84,62.977
clipped_image_June-14-2023T19-21-41.ppm, June-14-2023T19-21-41,0,0.8125,31.786,63.061
clipped_image_June-14-2023T19-25-20.ppm, June-14-2023T19-25-20,0,0.9218,31.679,63.473
clipped_image_June-14-2023T19-28-58.ppm, June-14-2023T19-28-58,0,0.8242,31.614,63.74
clipped_image_June-14-2023T19-32-37.ppm, June-14-2023T19-32-37,0,0.8359,31.539,63.534
clipped_image_June-14-2023T19-36-15.ppm, June-14-2023T19-36-15,0,0.8164,31.443,64.121
clipped_image_June-14-2023T19-39-54.ppm, June-14-2023T19-39-54,0,0.9218,31.421,64.472
clipped_image_June-14-2023T19-43-32.ppm, June-14-2023T19-43-32,0,0.8359,31.411,64.854
clipped_image_June-14-2023T19-47-11.ppm, June-14-2023T19-47-11,0,0.8515,31.325,64.739
clipped_image_June-14-2023T19-50-50.ppm, June-14-2023T19-50-50,0,0.8632,31.207,65.113
clipped_image_June-14-2023T19-54-28.ppm, June-14-2023T19-54-28,0,0.8242,31.089,65.617
clipped_image_June-14-2023T19-58-07.ppm, June-14-2023T19-58-07,0,0.8593,31.024,65.67
clipped_image_June-14-2023T20-01-45.ppm, June-14-2023T20-01-45,0,0.8281,30.949,66.082
clipped_image_June-14-2023T20-05-24.ppm, June-14-2023T20-05-24,0,0.832,30.949,66.029
clipped_image_June-14-2023T20-09-02.ppm, June-14-2023T20-09-02,0,0.7968,30.982,65.937
clipped_image_June-14-2023T20-12-41.ppm, June-14-2023T20-12-41,0,0.8476,30.971,66.029
clipped_image_June-14-2023T20-16-19.ppm, June-14-2023T20-16-19,0,0.8398,30.971,65.762
clipped_image_June-14-2023T20-19-58.ppm, June-14-2023T20-19-58,0,0.8281,30.917,66.059
clipped_image_June-14-2023T20-23-37.ppm, June-14-2023T20-23-37,0,0.8281,30.939,65.884
clipped_image_June-14-2023T20-27-15.ppm, June-14-2023T20-27-15,0,0.8164,30.874,65.937
clipped_image_June-14-2023T20-30-54.ppm, June-14-2023T20-30-54,0,0.8632,30.81,66.257
clipped_image_June-14-2023T20-34-32.ppm, June-14-2023T20-34-32,0,0.832,30.842,65.876
clipped_image_June-14-2023T20-38-11.ppm, June-14-2023T20-38-11,0,0.8242,30.788,66.052
clipped_image_June-14-2023T20-41-49.ppm, June-14-2023T20-41-49,0,0.832,30.831,65.937
clipped_image_June-14-2023T20-45-28.ppm, June-14-2023T20-45-28,0,0.8828,30.842,65.876
clipped_image_June-14-2023T20-49-06.ppm, June-14-2023T20-49-06,0,0.8203,30.778,65.937
clipped_image_June-14-2023T20-52-45.ppm, June-14-2023T20-52-45,0,0.8398,30.778,66.113
clipped_image_June-14-2023T20-56-23.ppm, June-14-2023T20-56-23,0,0.8281,30.724,66.143
clipped_image_June-14-2023T21-00-02.ppm, June-14-2023T21-00-02,0,0.8593,30.713,66.288
clipped_image_June-14-2023T21-03-41.ppm, June-14-2023T21-03-41,0,0.8203,30.724,66.052
clipped_image_June-14-2023T21-07-19.ppm, June-14-2023T21-07-19,0,0.8437,30.703,66.143
clipped_image_June-14-2023T21-10-58.ppm, June-14-2023T21-10-58,0,0.8359,30.638,66.38
clipped_image_June-14-2023T21-14-36.ppm, June-14-2023T21-14-36,0,0.8242,30.638,66.433
clipped_image_June-14-2023T21-18-15.ppm, June-14-2023T21-18-15,0,0.8867,30.628,66.525
clipped_image_June-14-2023T21-21-53.ppm, June-14-2023T21-21-53,0,0.832,30.617,66.463
clipped_image_June-14-2023T21-25-32.ppm, June-14-2023T21-25-32,0,0.871,30.585,66.525
clipped_image_June-14-2023T21-29-10.ppm, June-14-2023T21-29-10,0,0.8515,30.542,66.669
clipped_image_June-14-2023T21-32-49.ppm, June-14-2023T21-32-49,0,0.8359,30.499,66.868
clipped_image_June-14-2023T21-36-28.ppm, June-14-2023T21-36-28,0,0.8398,30.477,66.868
clipped_image_June-14-2023T21-40-06.ppm, June-14-2023T21-40-06,0,0.8359,30.402,66.921
clipped_image_June-14-2023T21-43-45.ppm, June-14-2023T21-43-45,0,0.8515,30.37,66.975
clipped_image_June-14-2023T21-47-23.ppm, June-14-2023T21-47-23,0,0.8359,30.306,67.219
clipped_image_June-14-2023T21-51-02.ppm, June-14-2023T21-51-02,0,0.8515,30.242,67.44
clipped_image_June-14-2023T21-54-40.ppm, June-14-2023T21-54-40,0,0.832,30.231,67.44
clipped_image_June-14-2023T21-58-19.ppm, June-14-2023T21-58-19,0,0.8085,30.166,67.631
clipped_image_June-14-2023T22-01-57.ppm, June-14-2023T22-01-57,0,0.871,30.102,67.883
clipped_image_June-14-2023T22-05-36.ppm, June-14-2023T22-05-36,0,0.8828,30.07,68.02
clipped_image_June-14-2023T22-09-14.ppm, June-14-2023T22-09-14,0,0.875,30.07,67.715
clipped_image_June-14-2023T22-12-53.ppm, June-14-2023T22-12-53,0,0.8554,29.984,68.203
clipped_image_June-14-2023T22-16-32.ppm, June-14-2023T22-16-32,0,0.8671,29.909,68.401
clipped_image_June-14-2023T22-20-10.ppm, June-14-2023T22-20-10,0,0.8515,29.855,68.638
clipped_image_June-14-2023T22-23-49.ppm, June-14-2023T22-23-49,0,0.8476,29.78,68.775
clipped_image_June-14-2023T22-27-27.ppm, June-14-2023T22-27-27,0,0.8906,29.716,68.996
clipped_image_June-14-2023T22-31-06.ppm, June-14-2023T22-31-06,0,0.9296,29.662,69.019
clipped_image_June-14-2023T22-34-44.ppm, June-14-2023T22-34-44,0,0.9335,29.609,69.378
clipped_image_June-14-2023T22-38-23.ppm, June-14-2023T22-38-23,0,0.8945,29.566,69.492
clipped_image_June-14-2023T22-42-01.ppm, June-14-2023T22-42-01,0,0.8281,29.405,70.011
clipped_image_June-14-2023T22-45-40.ppm, June-14-2023T22-45-40,0,0.8593,29.287,70.385
clipped_image_June-14-2023T22-49-18.ppm, June-14-2023T22-49-18,0,0.8242,29.201,70.606
clipped_image_June-14-2023T22-52-57.ppm, June-14-2023T22-52-57,0,0.8359,29.094,71.011
clipped_image_June-14-2023T22-56-36.ppm, June-14-2023T22-56-36,0,0.8515,29.04,71.171
clipped_image_June-14-2023T23-00-14.ppm, June-14-2023T23-00-14,0,0.8828,29.008,71.224
clipped_image_June-14-2023T23-03-53.ppm, June-14-2023T23-03-53,0,0.8242,28.944,71.278
clipped_image_June-14-2023T23-07-31.ppm, June-14-2023T23-07-31,0,0.8789,28.858,71.69
clipped_image_June-14-2023T23-11-10.ppm, June-14-2023T23-11-10,0,0.871,28.794,71.743
clipped_image_June-14-2023T23-14-48.ppm, June-14-2023T23-14-48,0,0.8437,28.74,71.85
clipped_image_June-14-2023T23-18-27.ppm, June-14-2023T23-18-27,0,0.875,28.643,72.109
clipped_image_June-14-2023T23-22-05.ppm, June-14-2023T23-22-05,0,0.832,28.547,72.361
clipped_image_June-14-2023T23-25-44.ppm, June-14-2023T23-25-44,0,0.8242,28.44,72.765
clipped_image_June-14-2023T23-29-23.ppm, June-14-2023T23-29-23,0,0.8125,28.365,73.01
clipped_image_June-14-2023T23-33-01.ppm, June-14-2023T23-33-01,0,0.8398,28.322,73.109
clipped_image_June-14-2023T23-36-40.ppm, June-14-2023T23-36-40,0,0.875,28.29,73.055
clipped_image_June-14-2023T23-40-18.ppm, June-14-2023T23-40-18,0,0.8632,28.236,73.33
clipped_image_June-14-2023T23-43-57.ppm, June-14-2023T23-43-57,0,0.8554,28.204,73.467
clipped_image_June-14-2023T23-47-35.ppm, June-14-2023T23-47-35,0,0.8554,28.182,73.498
clipped_image_June-14-2023T23-51-14.ppm, June-14-2023T23-51-14,0,0.8281,28.064,73.925
clipped_image_June-14-2023T23-54-52.ppm, June-14-2023T23-54-52,0,0.8203,27.989,74.162
clipped_image_June-14-2023T23-58-31.ppm, June-14-2023T23-58-31,0,0.8085,27.936,74.215
clipped_image_June-15-2023T00-02-09.ppm, June-15-2023T00-02-09,0,0.8398,27.839,74.406
clipped_image_June-15-2023T00-05-48.ppm, June-15-2023T00-05-48,0,0.8515,27.796,74.619
clipped_image_June-15-2023T00-09-27.ppm, June-15-2023T00-09-27,0,0.875,27.764,74.726
clipped_image_June-15-2023T00-13-05.ppm, June-15-2023T00-13-05,0,0.8164,27.71,74.917
clipped_image_June-15-2023T00-16-44.ppm, June-15-2023T00-16-44,0,0.8281,27.71,74.917
clipped_image_June-15-2023T00-20-22.ppm, June-15-2023T00-20-22,0,0.8242,27.7,74.863
clipped_image_June-15-2023T00-24-01.ppm, June-15-2023T00-24-01,0,0.8281,27.667,74.963
clipped_image_June-15-2023T00-27-39.ppm, June-15-2023T00-27-39,0,0.8359,27.625,75.1
clipped_image_June-15-2023T00-31-18.ppm, June-15-2023T00-31-18,0,0.8515,27.603,75.153
clipped_image_June-15-2023T00-34-56.ppm, June-15-2023T00-34-56,0,0.8281,27.571,75.1
clipped_image_June-15-2023T00-38-35.ppm, June-15-2023T00-38-35,0,0.8125,27.528,75.268
clipped_image_June-15-2023T00-42-13.ppm, June-15-2023T00-42-13,0,0.832,27.464,75.619
clipped_image_June-15-2023T00-45-52.ppm, June-15-2023T00-45-52,0,0.914,27.399,75.718
clipped_image_June-15-2023T00-49-31.ppm, June-15-2023T00-49-31,0,0.8437,27.367,75.832
clipped_image_June-15-2023T00-53-09.ppm, June-15-2023T00-53-09,0,0.875,27.303,75.848
clipped_image_June-15-2023T00-56-48.ppm, June-15-2023T00-56-48,0,0.8984,27.249,76.038
clipped_image_June-15-2023T01-00-26.ppm, June-15-2023T01-00-26,0,0.8554,27.238,76.061
clipped_image_June-15-2023T01-04-05.ppm, June-15-2023T01-04-05,0,0.8398,27.217,76.145
clipped_image_June-15-2023T01-07-43.ppm, June-15-2023T01-07-43,0,0.8437,27.185,76.26
clipped_image_June-15-2023T01-11-22.ppm, June-15-2023T01-11-22,0,0.9257,27.185,76.199
clipped_image_June-15-2023T01-15-00.ppm, June-15-2023T01-15-00,0,0.9218,27.163,76.26
clipped_image_June-15-2023T01-18-39.ppm, June-15-2023T01-18-39,0,0.8359,27.11,76.382
clipped_image_June-15-2023T01-22-17.ppm, June-15-2023T01-22-17,0,0.875,27.078,76.466
clipped_image_June-15-2023T01-25-56.ppm, June-15-2023T01-25-56,0,0.8437,27.024,76.71
clipped_image_June-15-2023T01-29-34.ppm, June-15-2023T01-29-34,0,0.8242,26.949,76.939
clipped_image_June-15-2023T01-33-13.ppm, June-15-2023T01-33-13,0,0.8242,26.949,76.809
clipped_image_June-15-2023T01-36-53.ppm, June-15-2023T01-36-53,0,0.832,26.874,77
clipped_image_June-15-2023T01-40-31.ppm, June-15-2023T01-40-31,0,0.8515,26.874,76.969
clipped_image_June-15-2023T01-44-10.ppm, June-15-2023T01-44-10,0,0.8515,26.82,77.106
clipped_image_June-15-2023T01-47-48.ppm, June-15-2023T01-47-48,0,0.9296,26.756,77.396
clipped_image_June-15-2023T01-51-27.ppm, June-15-2023T01-51-27,0,0.8398,26.799,77.145
clipped_image_June-15-2023T01-55-05.ppm, June-15-2023T01-55-05,0,0.8515,26.809,77.16
clipped_image_June-15-2023T01-58-44.ppm, June-15-2023T01-58-44,0,0.8593,26.767,77.282
clipped_image_June-15-2023T02-02-22.ppm, June-15-2023T02-02-22,0,0.875,26.777,77.366
clipped_image_June-15-2023T02-06-01.ppm, June-15-2023T02-06-01,0,0.8242,26.767,77.366
clipped_image_June-15-2023T02-09-39.ppm, June-15-2023T02-09-39,0,0.8515,26.777,77.229
clipped_image_June-15-2023T02-13-18.ppm, June-15-2023T02-13-18,0,0.8437,26.809,77.16
clipped_image_June-15-2023T02-16-57.ppm, June-15-2023T02-16-57,0,0.832,26.831,77.076
clipped_image_June-15-2023T02-20-35.ppm, June-15-2023T02-20-35,0,0.8515,26.885,76.916
clipped_image_June-15-2023T02-24-14.ppm, June-15-2023T02-24-14,0,0.8476,26.927,76.832
clipped_image_June-15-2023T02-27-52.ppm, June-15-2023T02-27-52,0,0.8203,26.949,76.695
clipped_image_June-15-2023T02-31-31.ppm, June-15-2023T02-31-31,0,0.9257,26.97,76.725
clipped_image_June-15-2023T02-35-09.ppm, June-15-2023T02-35-09,0,0.8984,27.003,76.572
clipped_image_June-15-2023T02-38-48.ppm, June-15-2023T02-38-48,0,0.9218,27.035,76.466
clipped_image_June-15-2023T02-42-26.ppm, June-15-2023T02-42-26,0,0.8671,27.003,76.618
clipped_image_June-15-2023T02-46-05.ppm, June-15-2023T02-46-05,0,0.8515,26.917,76.939
clipped_image_June-15-2023T02-49-43.ppm, June-15-2023T02-49-43,0,0.8203,26.885,77.16
clipped_image_June-15-2023T02-53-22.ppm, June-15-2023T02-53-22,0,0.8242,26.863,77.351
clipped_image_June-15-2023T02-57-01.ppm, June-15-2023T02-57-01,0,0.8632,26.831,77.488
clipped_image_June-15-2023T03-00-39.ppm, June-15-2023T03-00-39,0,0.8632,26.809,77.541
clipped_image_June-15-2023T03-04-18.ppm, June-15-2023T03-04-18,0,0.8593,26.788,77.641
clipped_image_June-15-2023T03-07-56.ppm, June-15-2023T03-07-56,0,0.8437,26.767,77.801
clipped_image_June-15-2023T03-11-35.ppm, June-15-2023T03-11-35,0,0.8554,26.681,78.075
clipped_image_June-15-2023T03-15-13.ppm, June-15-2023T03-15-13,0,0.8203,26.595,78.442
clipped_image_June-15-2023T03-18-52.ppm, June-15-2023T03-18-52,0,0.9101,26.563,78.609
clipped_image_June-15-2023T03-22-30.ppm, June-15-2023T03-22-30,0,0.8242,26.563,78.693
clipped_image_June-15-2023T03-26-09.ppm, June-15-2023T03-26-09,0,0.8125,26.52,78.884
clipped_image_June-15-2023T03-29-48.ppm, June-15-2023T03-29-48,0,0.8437,26.509,79.044
clipped_image_June-15-2023T03-33-26.ppm, June-15-2023T03-33-26,0,0.8632,26.509,79.021
clipped_image_June-15-2023T03-37-05.ppm, June-15-2023T03-37-05,0,0.871,26.52,78.938
clipped_image_June-15-2023T03-40-43.ppm, June-15-2023T03-40-43,0,0.8671,26.52,79.021
clipped_image_June-15-2023T03-44-22.ppm, June-15-2023T03-44-22,0,0.8554,26.595,78.8
clipped_image_June-15-2023T03-48-00.ppm, June-15-2023T03-48-00,0,0.8359,26.659,78.556
clipped_image_June-15-2023T03-51-39.ppm, June-15-2023T03-51-39,0,0.871,26.734,78.327
clipped_image_June-15-2023T03-55-17.ppm, June-15-2023T03-55-17,0,0.8671,26.799,78.243
clipped_image_June-15-2023T03-58-56.ppm, June-15-2023T03-58-56,0,0.8437,26.82,78.175
clipped_image_June-15-2023T04-02-34.ppm, June-15-2023T04-02-34,0,0.871,26.82,78.175
clipped_image_June-15-2023T04-06-13.ppm, June-15-2023T04-06-13,0,0.8515,26.831,78.144
clipped_image_June-15-2023T04-09-52.ppm, June-15-2023T04-09-52,0,0.8515,26.874,78.091
clipped_image_June-15-2023T04-13-30.ppm, June-15-2023T04-13-30,0,0.8437,26.852,78.228
clipped_image_June-15-2023T04-17-09.ppm, June-15-2023T04-17-09,0,0.8828,26.831,78.259
clipped_image_June-15-2023T04-20-49.ppm, June-15-2023T04-20-49,0,0.8515,26.777,78.541
clipped_image_June-15-2023T04-24-27.ppm, June-15-2023T04-24-27,0,0.8593,26.745,78.648
clipped_image_June-15-2023T04-28-06.ppm, June-15-2023T04-28-06,0,0.8515,26.702,78.869
clipped_image_June-15-2023T04-31-44.ppm, June-15-2023T04-31-44,0,0.832,26.638,79.128
clipped_image_June-15-2023T04-35-23.ppm, June-15-2023T04-35-23,0,0.8437,26.584,79.456
clipped_image_June-15-2023T04-39-01.ppm, June-15-2023T04-39-01,0,0.8984,26.552,79.678
clipped_image_June-15-2023T04-42-40.ppm, June-15-2023T04-42-40,0,0.8867,26.466,79.906
clipped_image_June-15-2023T04-46-18.ppm, June-15-2023T04-46-18,0,0.8789,26.402,80.151
clipped_image_June-15-2023T04-49-57.ppm, June-15-2023T04-49-57,0,0.8437,26.37,80.311
clipped_image_June-15-2023T04-53-36.ppm, June-15-2023T04-53-36,0,0.8125,26.305,80.54
clipped_image_June-15-2023T04-57-14.ppm, June-15-2023T04-57-14,0,0.8398,26.295,80.57
clipped_image_June-15-2023T05-00-53.ppm, June-15-2023T05-00-53,0,0.8789,26.295,80.647
clipped_image_June-15-2023T05-04-31.ppm, June-15-2023T05-04-31,0,0.8164,26.327,80.555
clipped_image_June-15-2023T05-08-10.ppm, June-15-2023T05-08-10,0,0.8203,26.338,80.471
clipped_image_June-15-2023T05-11-48.ppm, June-15-2023T05-11-48,0,0.8281,26.38,80.28
clipped_image_June-15-2023T05-15-27.ppm, June-15-2023T05-15-27,0,0.8281,26.423,80.067
clipped_image_June-15-2023T05-19-05.ppm, June-15-2023T05-19-05,0,0.8203,26.466,79.853
clipped_image_June-15-2023T05-22-44.ppm, June-15-2023T05-22-44,0,0.8359,26.477,79.784
clipped_image_June-15-2023T05-26-23.ppm, June-15-2023T05-26-23,0,0.8242,26.466,79.891
clipped_image_June-15-2023T05-30-01.ppm, June-15-2023T05-30-01,0,0.8632,26.456,79.906
clipped_image_June-15-2023T05-33-40.ppm, June-15-2023T05-33-40,0,0.832,26.509,79.754
clipped_image_June-15-2023T05-37-18.ppm, June-15-2023T05-37-18,0,0.8671,26.531,79.617
clipped_image_June-15-2023T05-40-57.ppm, June-15-2023T05-40-57,0,0.914,26.52,79.647
clipped_image_June-15-2023T05-44-36.ppm, June-15-2023T05-44-36,0,0.8984,26.541,79.617
clipped_image_June-15-2023T05-48-16.ppm, June-15-2023T05-48-16,0,0.7031,26.552,79.594
clipped_image_June-15-2023T05-51-55.ppm, June-15-2023T05-51-55,1,0.8554,26.595,79.51
clipped_image_June-15-2023T05-55-34.ppm, June-15-2023T05-55-34,1,0.871,26.616,79.403
clipped_image_June-15-2023T05-59-14.ppm, June-15-2023T05-59-14,1,0.871,26.616,79.403
clipped_image_June-15-2023T06-02-53.ppm, June-15-2023T06-02-53,1,0.8515,26.681,79.121
clipped_image_June-15-2023T06-06-32.ppm, June-15-2023T06-06-32,1,0.7812,26.713,79.06
clipped_image_June-15-2023T06-10-12.ppm, June-15-2023T06-10-12,1,0.7148,26.734,78.983
clipped_image_June-15-2023T06-13-51.ppm, June-15-2023T06-13-51,1,0.6914,26.799,78.869
clipped_image_June-15-2023T06-17-30.ppm, June-15-2023T06-17-30,1,0.6796,26.874,78.64
clipped_image_June-15-2023T06-21-10.ppm, June-15-2023T06-21-10,1,0.7148,26.992,78.175
clipped_image_June-15-2023T06-24-49.ppm, June-15-2023T06-24-49,1,0.707,27.088,77.938
clipped_image_June-15-2023T06-28-28.ppm, June-15-2023T06-28-28,1,0.7109,27.228,77.404
clipped_image_June-15-2023T06-32-08.ppm, June-15-2023T06-32-08,1,0.6953,27.346,77.091
clipped_image_June-15-2023T06-35-47.ppm, June-15-2023T06-35-47,1,0.6875,27.517,76.496
clipped_image_June-15-2023T06-39-26.ppm, June-15-2023T06-39-26,1,0.7734,27.7,75.909
clipped_image_June-15-2023T06-43-06.ppm, June-15-2023T06-43-06,1,0.7929,27.882,75.42
clipped_image_June-15-2023T06-46-45.ppm, June-15-2023T06-46-45,1,0.789,28.043,74.97
clipped_image_June-15-2023T06-50-25.ppm, June-15-2023T06-50-25,1,0.7929,28.247,74.322
clipped_image_June-15-2023T06-54-04.ppm, June-15-2023T06-54-04,1,0.7734,28.472,73.589
clipped_image_June-15-2023T06-57-44.ppm, June-15-2023T06-57-44,1,0.7656,28.772,72.651
clipped_image_June-15-2023T07-01-23.ppm, June-15-2023T07-01-23,1,0.7656,29.137,71.507
clipped_image_June-15-2023T07-05-03.ppm, June-15-2023T07-05-03,1,0.7421,29.48,70.507
clipped_image_June-15-2023T07-08-42.ppm, June-15-2023T07-08-42,1,0.7578,29.78,69.553
clipped_image_June-15-2023T07-12-21.ppm, June-15-2023T07-12-21,1,0.7734,30.059,68.737
clipped_image_June-15-2023T07-16-01.ppm, June-15-2023T07-16-01,1,0.7812,30.306,67.966
clipped_image_June-15-2023T07-19-40.ppm, June-15-2023T07-19-40,1,0.8085,30.671,66.761
clipped_image_June-15-2023T07-23-19.ppm, June-15-2023T07-23-19,1,0.7812,31.014,65.792
clipped_image_June-15-2023T07-26-59.ppm, June-15-2023T07-26-59,1,0.7343,31.507,64.297
clipped_image_June-15-2023T07-30-38.ppm, June-15-2023T07-30-38,1,0.7265,32.14,62.42
clipped_image_June-15-2023T07-34-18.ppm, June-15-2023T07-34-18,1,0.6523,32.751,60.497
clipped_image_June-15-2023T07-37-57.ppm, June-15-2023T07-37-57,1,0.621,33.556,58.392
clipped_image_June-15-2023T07-41-36.ppm, June-15-2023T07-41-36,0,0.621,34.574,55.828
clipped_image_June-15-2023T07-45-16.ppm, June-15-2023T07-45-16,0,0.7265,35.422,53.791
clipped_image_June-15-2023T07-48-55.ppm, June-15-2023T07-48-55,0,0.7539,36.055,52.036
clipped_image_June-15-2023T07-52-34.ppm, June-15-2023T07-52-34,1,0.6484,36.248,51.548
clipped_image_June-15-2023T07-56-14.ppm, June-15-2023T07-56-14,0,0.7265,35.851,52.532
clipped_image_June-15-2023T07-59-54.ppm, June-15-2023T07-59-54,0,0.7617,36.73,50.495
clipped_image_June-15-2023T08-03-34.ppm, June-15-2023T08-03-34,0,0.7695,37.438,48.847
clipped_image_June-15-2023T08-07-13.ppm, June-15-2023T08-07-13,0,0.7773,38.21,47.184
clipped_image_June-15-2023T08-10-52.ppm, June-15-2023T08-10-52,0,0.7695,38.832,46.009
clipped_image_June-15-2023T08-14-32.ppm, June-15-2023T08-14-32,0,0.7773,39.369,44.865
clipped_image_June-15-2023T08-18-11.ppm, June-15-2023T08-18-11,0,0.707,40.162,43.453
clipped_image_June-15-2023T08-21-51.ppm, June-15-2023T08-21-51,0,0.7265,40.034,43.674
clipped_image_June-15-2023T08-25-30.ppm, June-15-2023T08-25-30,0,0.7617,40.666,42.69
clipped_image_June-15-2023T08-29-09.ppm, June-15-2023T08-29-09,0,0.6757,41.245,41.752
clipped_image_June-15-2023T08-32-49.ppm, June-15-2023T08-32-49,0,0.6328,41.16,41.904
clipped_image_June-15-2023T08-36-28.ppm, June-15-2023T08-36-28,0,0.5898,41.16,41.935
clipped_image_June-15-2023T08-40-08.ppm, June-15-2023T08-40-08,0,0.6679,41.857,40.966
clipped_image_June-15-2023T08-43-47.ppm, June-15-2023T08-43-47,1,0.5195,42.039,40.882
clipped_image_June-15-2023T08-47-26.ppm, June-15-2023T08-47-26,1,0.6406,40.859,42.82
clipped_image_June-15-2023T08-51-06.ppm, June-15-2023T08-51-06,1,0.6875,39.562,45.17
clipped_image_June-15-2023T08-54-45.ppm, June-15-2023T08-54-45,0,0.5546,39.229,45.979
clipped_image_June-15-2023T08-58-25.ppm, June-15-2023T08-58-25,0,0.5078,40.58,43.636
clipped_image_June-15-2023T09-02-05.ppm, June-15-2023T09-02-05,0,0.6562,41.91,41.485
clipped_image_June-15-2023T09-05-44.ppm, June-15-2023T09-05-44,0,0.6445,42.919,39.898
clipped_image_June-15-2023T09-09-24.ppm, June-15-2023T09-09-24,0,0.6445,43.337,39.31
clipped_image_June-15-2023T09-13-03.ppm, June-15-2023T09-13-03,1,0.6289,43.219,39.547
clipped_image_June-15-2023T09-16-43.ppm, June-15-2023T09-16-43,1,0.6367,41.16,42.843
clipped_image_June-15-2023T09-20-22.ppm, June-15-2023T09-20-22,1,0.6484,40.559,43.949
clipped_image_June-15-2023T09-24-01.ppm, June-15-2023T09-24-01,1,0.5507,40.076,44.819
clipped_image_June-15-2023T09-27-41.ppm, June-15-2023T09-27-41,1,0.6367,39.422,46.009
clipped_image_June-15-2023T09-31-20.ppm, June-15-2023T09-31-20,0,0.5546,40.656,44.01
clipped_image_June-15-2023T09-35-00.ppm, June-15-2023T09-35-00,1,0.5625,42.543,40.867
clipped_image_June-15-2023T09-38-39.ppm, June-15-2023T09-38-39,0,0.5195,44.066,38.868
clipped_image_June-15-2023T09-42-18.ppm, June-15-2023T09-42-18,0,0.7617,45.085,37.647
clipped_image_June-15-2023T09-43-42.ppm, June-15-2023T09-43-42,0,0.6328,45.568,36.755
clipped_image_June-15-2023T09-47-21.ppm, June-15-2023T09-47-21,0,0.6523,44.924,37.388
clipped_image_June-15-2023T09-51-00.ppm, June-15-2023T09-51-00,0,0.5859,45.149,37.365
clipped_image_June-15-2023T09-54-39.ppm, June-15-2023T09-54-39,0,0.6054,46.115,36.06
clipped_image_June-15-2023T09-58-18.ppm, June-15-2023T09-58-18,0,0.7031,45.857,36.35
clipped_image_June-15-2023T10-01-58.ppm, June-15-2023T10-01-58,1,0.5898,47.144,34.748
clipped_image_June-15-2023T10-05-37.ppm, June-15-2023T10-05-37,0,0.7304,47.112,34.626
clipped_image_June-15-2023T10-09-16.ppm, June-15-2023T10-09-16,0,0.7304,48.324,33.161
clipped_image_June-15-2023T10-12-55.ppm, June-15-2023T10-12-55,0,0.7578,48.442,33.031
clipped_image_June-15-2023T10-16-34.ppm, June-15-2023T10-16-34,0,0.7812,48.828,32.665
clipped_image_June-15-2023T10-20-13.ppm, June-15-2023T10-20-13,0,0.789,49.182,32.07
clipped_image_June-15-2023T10-23-53.ppm, June-15-2023T10-23-53,0,0.7109,49.203,32.116
clipped_image_June-15-2023T10-27-32.ppm, June-15-2023T10-27-32,0,0.832,49.032,32.307
clipped_image_June-15-2023T10-31-11.ppm, June-15-2023T10-31-11,0,0.8242,49.976,31.277
clipped_image_June-15-2023T10-34-50.ppm, June-15-2023T10-34-50,0,0.8046,50.523,30.445
clipped_image_June-15-2023T10-38-29.ppm, June-15-2023T10-38-29,0,0.8437,50.619,30.193
clipped_image_June-15-2023T10-42-08.ppm, June-15-2023T10-42-08,0,0.8437,50.823,29.972
clipped_image_June-15-2023T10-45-48.ppm, June-15-2023T10-45-48,0,0.8476,51.252,29.583
clipped_image_June-15-2023T10-49-27.ppm, June-15-2023T10-49-27,1,0.6718,50.705,30.079
clipped_image_June-15-2023T10-53-06.ppm, June-15-2023T10-53-06,0,0.832,48.742,32.444
clipped_image_June-15-2023T10-56-45.ppm, June-15-2023T10-56-45,0,0.8046,48.742,32.566
clipped_image_June-15-2023T11-00-24.ppm, June-15-2023T11-00-24,0,0.8164,49.053,32.101
clipped_image_June-15-2023T11-04-03.ppm, June-15-2023T11-04-03,0,0.6484,50.115,30.911
clipped_image_June-15-2023T11-07-43.ppm, June-15-2023T11-07-43,1,0.6406,49.418,31.506
clipped_image_June-15-2023T11-11-22.ppm, June-15-2023T11-11-22,0,0.8281,48.131,33.1
clipped_image_June-15-2023T11-15-01.ppm, June-15-2023T11-15-01,0,0.8828,49.096,31.849
clipped_image_June-15-2023T11-18-41.ppm, June-15-2023T11-18-41,0,0.9101,49.686,30.956
clipped_image_June-15-2023T11-22-20.ppm, June-15-2023T11-22-20,0,0.9179,50.019,30.109
clipped_image_June-15-2023T11-25-59.ppm, June-15-2023T11-25-59,0,0.9375,50.705,29.415
clipped_image_June-15-2023T11-29-38.ppm, June-15-2023T11-29-38,0,0.9453,51.316,28.721
clipped_image_June-15-2023T11-33-17.ppm, June-15-2023T11-33-17,0,0.9453,51.777,28.164
clipped_image_June-15-2023T11-36-56.ppm, June-15-2023T11-36-56,0,0.9453,51.981,27.882
clipped_image_June-15-2023T11-40-36.ppm, June-15-2023T11-40-36,0,0.9414,51.992,27.813
clipped_image_June-15-2023T11-44-15.ppm, June-15-2023T11-44-15,0,0.957,51.895,27.76
clipped_image_June-15-2023T11-47-54.ppm, June-15-2023T11-47-54,0,0.9453,52.035,27.607
clipped_image_June-15-2023T11-51-33.ppm, June-15-2023T11-51-33,0,0.9492,52.324,27.424
clipped_image_June-15-2023T11-55-12.ppm, June-15-2023T11-55-12,0,0.9492,52.636,26.974
clipped_image_June-15-2023T11-58-51.ppm, June-15-2023T11-58-51,0,0.9375,52.796,26.691
clipped_image_June-15-2023T12-02-31.ppm, June-15-2023T12-02-31,0,0.9492,53.161,26.341
clipped_image_June-15-2023T12-06-10.ppm, June-15-2023T12-06-10,0,0.9414,53.429,26.119
clipped_image_June-15-2023T12-09-49.ppm, June-15-2023T12-09-49,0,0.9375,53.418,25.951
clipped_image_June-15-2023T12-13-28.ppm, June-15-2023T12-13-28,0,0.9296,53.225,25.982
clipped_image_June-15-2023T12-17-07.ppm, June-15-2023T12-17-07,0,0.9257,53.633,25.631
clipped_image_June-15-2023T12-20-46.ppm, June-15-2023T12-20-46,0,0.9101,54.201,25.089
clipped_image_June-15-2023T12-24-26.ppm, June-15-2023T12-24-26,0,0.9375,55.07,24.265
clipped_image_June-15-2023T12-28-06.ppm, June-15-2023T12-28-06,0,0.9414,55.563,23.8
clipped_image_June-15-2023T12-31-45.ppm, June-15-2023T12-31-45,0,0.9257,55.832,23.563
clipped_image_June-15-2023T12-35-24.ppm, June-15-2023T12-35-24,0,0.9296,55.982,23.403
clipped_image_June-15-2023T12-39-03.ppm, June-15-2023T12-39-03,0,0.914,56.132,23.159
clipped_image_June-15-2023T12-42-42.ppm, June-15-2023T12-42-42,0,0.9218,55.714,23.518
clipped_image_June-15-2023T12-46-21.ppm, June-15-2023T12-46-21,0,0.9335,54.577,24.441
clipped_image_June-15-2023T12-50-01.ppm, June-15-2023T12-50-01,0,0.9218,54.309,24.586
clipped_image_June-15-2023T12-53-40.ppm, June-15-2023T12-53-40,0,0.9335,54.877,24.082
clipped_image_June-15-2023T12-57-19.ppm, June-15-2023T12-57-19,0,0.9335,55.639,23.464
clipped_image_June-15-2023T13-00-58.ppm, June-15-2023T13-00-58,0,0.9375,55.263,23.647
clipped_image_June-15-2023T13-04-37.ppm, June-15-2023T13-04-37,0,0.9296,55.799,23.136
clipped_image_June-15-2023T13-08-16.ppm, June-15-2023T13-08-16,0,0.9335,56.1,22.823
clipped_image_June-15-2023T13-11-56.ppm, June-15-2023T13-11-56,0,0.9414,56.303,22.541
clipped_image_June-15-2023T13-15-35.ppm, June-15-2023T13-15-35,0,0.9296,56.379,22.381
clipped_image_June-15-2023T13-19-14.ppm, June-15-2023T13-19-14,0,0.8242,56.818,22.03
clipped_image_June-15-2023T13-22-53.ppm, June-15-2023T13-22-53,0,0.9023,56.572,22.228
clipped_image_June-15-2023T13-26-32.ppm, June-15-2023T13-26-32,0,0.9062,56.797,21.984
clipped_image_June-15-2023T13-30-11.ppm, June-15-2023T13-30-11,0,0.875,56.732,21.9
clipped_image_June-15-2023T13-33-51.ppm, June-15-2023T13-33-51,0,0.8515,56.893,21.656
clipped_image_June-15-2023T13-37-30.ppm, June-15-2023T13-37-30,0,0.8906,56.829,21.687
clipped_image_June-15-2023T13-41-09.ppm, June-15-2023T13-41-09,0,0.8593,56.786,21.565
clipped_image_June-15-2023T13-44-48.ppm, June-15-2023T13-44-48,0,0.8359,56.786,21.519
clipped_image_June-15-2023T13-48-27.ppm, June-15-2023T13-48-27,0,0.8398,56.561,21.679
clipped_image_June-15-2023T13-52-06.ppm, June-15-2023T13-52-06,0,0.8085,56.604,21.847
clipped_image_June-15-2023T13-55-46.ppm, June-15-2023T13-55-46,0,0.8007,56.539,22.083
clipped_image_June-15-2023T13-59-25.ppm, June-15-2023T13-59-25,0,0.8164,56.947,22.038
clipped_image_June-15-2023T14-03-04.ppm, June-15-2023T14-03-04,0,0.789,56.936,22.121
clipped_image_June-15-2023T14-06-43.ppm, June-15-2023T14-06-43,0,0.8046,57.762,21.755
clipped_image_June-15-2023T14-10-22.ppm, June-15-2023T14-10-22,0,0.8203,57.987,21.854
clipped_image_June-15-2023T14-14-01.ppm, June-15-2023T14-14-01,0,0.8164,58.234,22.076
clipped_image_June-15-2023T14-17-41.ppm, June-15-2023T14-17-41,0,0.8125,58.524,22.099
clipped_image_June-15-2023T14-21-20.ppm, June-15-2023T14-21-20,0,0.789,58.631,22.106
clipped_image_June-15-2023T14-24-59.ppm, June-15-2023T14-24-59,0,0.7812,58.041,22.656
clipped_image_June-15-2023T14-28-38.ppm, June-15-2023T14-28-38,0,0.7734,58.105,22.709
clipped_image_June-15-2023T14-32-17.ppm, June-15-2023T14-32-17,0,0.7656,58.298,22.511
clipped_image_June-15-2023T14-35-56.ppm, June-15-2023T14-35-56,0,0.7656,58.137,22.663
clipped_image_June-15-2023T14-39-36.ppm, June-15-2023T14-39-36,0,0.789,57.719,22.9
clipped_image_June-15-2023T14-43-15.ppm, June-15-2023T14-43-15,0,0.7226,57.526,22.747
clipped_image_June-15-2023T14-46-54.ppm, June-15-2023T14-46-54,0,0.7382,57.473,22.793
clipped_image_June-15-2023T14-50-33.ppm, June-15-2023T14-50-33,0,0.746,57.848,22.472
clipped_image_June-15-2023T14-54-12.ppm, June-15-2023T14-54-12,0,0.75,57.558,22.663
clipped_image_June-15-2023T14-57-51.ppm, June-15-2023T14-57-51,0,0.7382,56.84,23.083
clipped_image_June-15-2023T15-01-31.ppm, June-15-2023T15-01-31,0,0.7109,56.443,23.35
clipped_image_June-15-2023T15-05-10.ppm, June-15-2023T15-05-10,0,0.7304,56.239,23.548
clipped_image_June-15-2023T15-08-49.ppm, June-15-2023T15-08-49,0,0.7304,55.735,24.021
clipped_image_June-15-2023T15-12-28.ppm, June-15-2023T15-12-28,0,0.7578,56.11,23.67
clipped_image_June-15-2023T15-16-07.ppm, June-15-2023T15-16-07,0,0.7031,56.089,23.586
clipped_image_June-15-2023T15-19-46.ppm, June-15-2023T15-19-46,0,0.7226,55.971,23.655
clipped_image_June-15-2023T15-23-26.ppm, June-15-2023T15-23-26,0,0.6914,56.346,23.38
clipped_image_June-15-2023T15-27-05.ppm, June-15-2023T15-27-05,0,0.7148,56.379,23.228
clipped_image_June-15-2023T15-30-44.ppm, June-15-2023T15-30-44,0,0.7343,55.328,24.029
clipped_image_June-15-2023T15-34-23.ppm, June-15-2023T15-34-23,0,0.7343,54.587,24.693
clipped_image_June-15-2023T15-38-02.ppm, June-15-2023T15-38-02,0,0.7226,54.523,24.807
clipped_image_June-15-2023T15-41-41.ppm, June-15-2023T15-41-41,0,0.7226,54.695,24.708
clipped_image_June-15-2023T15-45-21.ppm, June-15-2023T15-45-21,0,0.6523,54.866,24.494
clipped_image_June-15-2023T15-49-00.ppm, June-15-2023T15-49-00,0,0.75,54.705,24.662
clipped_image_June-15-2023T15-52-39.ppm, June-15-2023T15-52-39,0,0.6718,54.148,25.036
clipped_image_June-15-2023T15-56-18.ppm, June-15-2023T15-56-18,0,0.7148,54.191,25.036
clipped_image_June-15-2023T15-59-57.ppm, June-15-2023T15-59-57,0,0.621,53.322,25.768
clipped_image_June-15-2023T16-03-36.ppm, June-15-2023T16-03-36,0,0.7148,52.871,26.165
clipped_image_June-15-2023T16-07-16.ppm, June-15-2023T16-07-16,0,0.6406,52.657,26.356
clipped_image_June-15-2023T16-10-55.ppm, June-15-2023T16-10-55,0,0.7226,52.518,26.47
clipped_image_June-15-2023T16-14-34.ppm, June-15-2023T16-14-34,0,0.6328,52.035,26.936
clipped_image_June-15-2023T16-18-13.ppm, June-15-2023T16-18-13,0,0.5078,52.013,26.936
clipped_image_June-15-2023T16-21-52.ppm, June-15-2023T16-21-52,0,0.5195,49.665,29.331
clipped_image_June-15-2023T16-25-31.ppm, June-15-2023T16-25-31,0,0.6445,49.182,29.827
clipped_image_June-15-2023T16-29-11.ppm, June-15-2023T16-29-11,0,0.6328,48.689,30.407
clipped_image_June-15-2023T16-32-50.ppm, June-15-2023T16-32-50,0,0.5117,48.517,30.598
clipped_image_June-15-2023T16-36-29.ppm, June-15-2023T16-36-29,1,0.5625,48.335,30.834
clipped_image_June-15-2023T16-40-08.ppm, June-15-2023T16-40-08,1,0.5312,48.045,31.178
clipped_image_June-15-2023T16-43-47.ppm, June-15-2023T16-43-47,1,0.6328,47.798,31.414
clipped_image_June-15-2023T16-47-27.ppm, June-15-2023T16-47-27,1,0.6679,46.887,32.566
clipped_image_June-15-2023T16-51-06.ppm, June-15-2023T16-51-06,1,0.6054,45.192,34.931
clipped_image_June-15-2023T16-54-45.ppm, June-15-2023T16-54-45,0,0.4726,43.412,37.296
clipped_image_June-15-2023T16-58-24.ppm, June-15-2023T16-58-24,1,0.4804,42.2,38.914
clipped_image_June-15-2023T17-02-03.ppm, June-15-2023T17-02-03,1,0.5546,41.514,39.883
clipped_image_June-15-2023T17-05-42.ppm, June-15-2023T17-05-42,1,0.5039,41.16,40.409
clipped_image_June-15-2023T17-09-22.ppm, June-15-2023T17-09-22,0,0.4804,40.967,40.63
clipped_image_June-15-2023T17-13-01.ppm, June-15-2023T17-13-01,0,0.5156,40.559,41.248
clipped_image_June-15-2023T17-16-40.ppm, June-15-2023T17-16-40,0,0.5468,40.151,41.935
clipped_image_June-15-2023T17-20-19.ppm, June-15-2023T17-20-19,0,0.5507,39.873,42.377
clipped_image_June-15-2023T17-23-58.ppm, June-15-2023T17-23-58,0,0.6054,39.605,42.751
clipped_image_June-15-2023T17-27-38.ppm, June-15-2023T17-27-38,0,0.6132,39.218,43.362
clipped_image_June-15-2023T17-31-17.ppm, June-15-2023T17-31-17,0,0.5195,39.122,43.568
clipped_image_June-15-2023T17-34-56.ppm, June-15-2023T17-34-56,0,0.5546,39.047,43.613
clipped_image_June-15-2023T17-38-35.ppm, June-15-2023T17-38-35,0,0.5742,38.768,44.041
clipped_image_June-15-2023T17-42-14.ppm, June-15-2023T17-42-14,0,0.5781,38.618,44.331
clipped_image_June-15-2023T17-45-54.ppm, June-15-2023T17-45-54,1,0.7187,38.435,44.758
clipped_image_June-15-2023T17-49-33.ppm, June-15-2023T17-49-33,1,0.707,38.35,44.941
clipped_image_June-15-2023T17-53-12.ppm, June-15-2023T17-53-12,1,0.7304,38.275,45.078
clipped_image_June-15-2023T17-56-51.ppm, June-15-2023T17-56-51,1,0.7226,38.039,45.582
clipped_image_June-15-2023T18-00-30.ppm, June-15-2023T18-00-30,1,0.7187,37.706,46.261
clipped_image_June-15-2023T18-04-10.ppm, June-15-2023T18-04-10,1,0.7304,37.459,46.856
clipped_image_June-15-2023T18-07-49.ppm, June-15-2023T18-07-49,1,0.7539,37.299,47.245
clipped_image_June-15-2023T18-11-29.ppm, June-15-2023T18-11-29,1,0.7304,37.202,47.527
clipped_image_June-15-2023T18-15-08.ppm, June-15-2023T18-15-08,1,0.75,37.041,47.916
clipped_image_June-15-2023T18-18-47.ppm, June-15-2023T18-18-47,1,0.7617,36.87,48.336
clipped_image_June-15-2023T18-22-27.ppm, June-15-2023T18-22-27,1,0.746,36.752,48.679
clipped_image_June-15-2023T18-26-06.ppm, June-15-2023T18-26-06,1,0.7148,36.634,48.962
clipped_image_June-15-2023T18-29-45.ppm, June-15-2023T18-29-45,1,0.7734,36.301,49.809
clipped_image_June-15-2023T18-33-24.ppm, June-15-2023T18-33-24,1,0.7656,36.108,50.327
clipped_image_June-15-2023T18-37-03.ppm, June-15-2023T18-37-03,1,0.7578,35.979,50.709
clipped_image_June-15-2023T18-40-43.ppm, June-15-2023T18-40-43,1,0.7851,35.904,50.884
clipped_image_June-15-2023T18-44-22.ppm, June-15-2023T18-44-22,1,0.7851,35.765,51.266
clipped_image_June-15-2023T18-48-01.ppm, June-15-2023T18-48-01,1,0.8046,35.626,51.792
clipped_image_June-15-2023T18-51-40.ppm, June-15-2023T18-51-40,1,0.7851,35.368,52.38
clipped_image_June-15-2023T18-55-19.ppm, June-15-2023T18-55-19,1,0.8242,35.186,52.837
clipped_image_June-15-2023T18-58-59.ppm, June-15-2023T18-58-59,0,0.7265,35.025,53.257
clipped_image_June-15-2023T19-02-38.ppm, June-15-2023T19-02-38,0,0.8828,34.778,53.776
clipped_image_June-15-2023T19-06-17.ppm, June-15-2023T19-06-17,0,0.8085,34.671,54.104
clipped_image_June-15-2023T19-09-56.ppm, June-15-2023T19-09-56,0,0.8359,34.564,54.371
clipped_image_June-15-2023T19-13-34.ppm, June-15-2023T19-13-34,0,0.8515,34.446,54.668
clipped_image_June-15-2023T19-17-13.ppm, June-15-2023T19-17-13,0,0.8125,34.328,55.027
clipped_image_June-15-2023T19-20-51.ppm, June-15-2023T19-20-51,0,0.9296,34.221,55.325
clipped_image_June-15-2023T19-24-32.ppm, June-15-2023T19-24-32,0,0.8632,34.092,55.63
clipped_image_June-15-2023T19-28-11.ppm, June-15-2023T19-28-11,0,0.8437,34.027,55.866
clipped_image_June-15-2023T19-31-49.ppm, June-15-2023T19-31-49,0,0.8398,34.006,55.958
clipped_image_June-15-2023T19-35-27.ppm, June-15-2023T19-35-27,0,0.8671,33.974,56.164
clipped_image_June-15-2023T19-39-06.ppm, June-15-2023T19-39-06,0,0.8398,33.813,56.583
clipped_image_June-15-2023T19-42-44.ppm, June-15-2023T19-42-44,0,0.8632,33.738,56.82
clipped_image_June-15-2023T19-46-23.ppm, June-15-2023T19-46-23,0,0.8632,33.663,57.056
clipped_image_June-15-2023T19-50-01.ppm, June-15-2023T19-50-01,0,0.8281,33.62,57.148
clipped_image_June-15-2023T19-53-39.ppm, June-15-2023T19-53-39,0,0.8359,33.556,57.323
clipped_image_June-15-2023T19-57-18.ppm, June-15-2023T19-57-18,0,0.8164,33.502,57.529
clipped_image_June-15-2023T20-00-56.ppm, June-15-2023T20-00-56,0,0.8242,33.384,57.858
clipped_image_June-15-2023T20-04-34.ppm, June-15-2023T20-04-34,0,0.8359,33.352,57.98
clipped_image_June-15-2023T20-08-13.ppm, June-15-2023T20-08-13,0,0.8398,33.277,58.155
clipped_image_June-15-2023T20-11-51.ppm, June-15-2023T20-11-51,0,0.8242,33.18,58.453
clipped_image_June-15-2023T20-15-30.ppm, June-15-2023T20-15-30,0,0.8085,33.116,58.689
clipped_image_June-15-2023T20-19-08.ppm, June-15-2023T20-19-08,0,0.8007,33.127,58.659
clipped_image_June-15-2023T20-22-46.ppm, June-15-2023T20-22-46,0,0.8671,33.169,58.659
clipped_image_June-15-2023T20-26-25.ppm, June-15-2023T20-26-25,0,0.8632,33.159,58.72
clipped_image_June-15-2023T20-30-03.ppm, June-15-2023T20-30-03,0,0.8398,33.062,59.017
clipped_image_June-15-2023T20-33-42.ppm, June-15-2023T20-33-42,0,0.8632,32.987,59.254
clipped_image_June-15-2023T20-37-20.ppm, June-15-2023T20-37-20,0,0.8632,32.976,59.429
clipped_image_June-15-2023T20-40-58.ppm, June-15-2023T20-40-58,0,0.8867,32.976,59.49
clipped_image_June-15-2023T20-44-37.ppm, June-15-2023T20-44-37,0,0.8945,32.976,59.582
clipped_image_June-15-2023T20-48-15.ppm, June-15-2023T20-48-15,0,0.8828,32.923,59.849
clipped_image_June-15-2023T20-51-54.ppm, June-15-2023T20-51-54,0,0.875,32.869,60.116
clipped_image_June-15-2023T20-55-32.ppm, June-15-2023T20-55-32,0,0.8515,32.869,60.261
clipped_image_June-15-2023T20-59-10.ppm, June-15-2023T20-59-10,0,0.832,32.773,60.612
clipped_image_June-15-2023T21-02-49.ppm, June-15-2023T21-02-49,0,0.8515,32.719,60.879
clipped_image_June-15-2023T21-06-27.ppm, June-15-2023T21-06-27,0,0.8632,32.655,61.207
clipped_image_June-15-2023T21-10-06.ppm, June-15-2023T21-10-06,0,0.8437,32.601,61.443
clipped_image_June-15-2023T21-13-44.ppm, June-15-2023T21-13-44,0,0.9335,32.665,61.321
clipped_image_June-15-2023T21-17-22.ppm, June-15-2023T21-17-22,0,0.8515,32.622,61.596
clipped_image_June-15-2023T21-21-01.ppm, June-15-2023T21-21-01,0,0.875,32.515,61.977
clipped_image_June-15-2023T21-24-39.ppm, June-15-2023T21-24-39,0,0.8828,32.462,62.298
clipped_image_June-15-2023T21-28-17.ppm, June-15-2023T21-28-17,0,0.8671,32.344,62.74
clipped_image_June-15-2023T21-31-56.ppm, June-15-2023T21-31-56,0,0.871,32.279,63.038
clipped_image_June-15-2023T21-35-34.ppm, June-15-2023T21-35-34,0,0.8593,32.29,63.152
clipped_image_June-15-2023T21-39-13.ppm, June-15-2023T21-39-13,0,0.8828,32.204,63.48
clipped_image_June-15-2023T21-42-51.ppm, June-15-2023T21-42-51,0,0.8359,32.065,63.923
clipped_image_June-15-2023T21-46-29.ppm, June-15-2023T21-46-29,0,0.9023,31.979,64.304
clipped_image_June-15-2023T21-50-08.ppm, June-15-2023T21-50-08,0,0.8632,31.893,64.632
clipped_image_June-15-2023T21-53-46.ppm, June-15-2023T21-53-46,0,0.8242,31.85,64.869
clipped_image_June-15-2023T21-57-25.ppm, June-15-2023T21-57-25,0,0.8828,31.872,64.869
clipped_image_June-15-2023T22-01-03.ppm, June-15-2023T22-01-03,0,0.8554,31.882,64.869
clipped_image_June-15-2023T22-04-41.ppm, June-15-2023T22-04-41,0,0.875,31.861,65.044
clipped_image_June-15-2023T22-08-20.ppm, June-15-2023T22-08-20,0,0.8828,31.797,65.311
clipped_image_June-15-2023T22-11-58.ppm, June-15-2023T22-11-58,0,0.832,31.786,65.449
clipped_image_June-15-2023T22-15-36.ppm, June-15-2023T22-15-36,0,0.8476,31.711,65.807
clipped_image_June-15-2023T22-19-15.ppm, June-15-2023T22-19-15,0,0.9218,31.657,66.158
clipped_image_June-15-2023T22-22-53.ppm, June-15-2023T22-22-53,0,0.9062,31.571,66.456
clipped_image_June-15-2023T22-26-32.ppm, June-15-2023T22-26-32,0,0.9218,31.646,66.311
clipped_image_June-15-2023T22-30-10.ppm, June-15-2023T22-30-10,0,0.8828,31.711,66.158
clipped_image_June-15-2023T22-33-48.ppm, June-15-2023T22-33-48,0,0.9062,31.668,66.341
clipped_image_June-15-2023T22-37-27.ppm, June-15-2023T22-37-27,0,0.9375,31.646,66.372
clipped_image_June-15-2023T22-41-05.ppm, June-15-2023T22-41-05,0,0.9023,31.571,66.662
clipped_image_June-15-2023T22-44-43.ppm, June-15-2023T22-44-43,0,0.8906,31.421,67.143
clipped_image_June-15-2023T22-48-22.ppm, June-15-2023T22-48-22,0,0.8906,31.4,67.287
clipped_image_June-15-2023T22-52-00.ppm, June-15-2023T22-52-00,0,0.875,31.443,67.204
clipped_image_June-15-2023T22-55-39.ppm, June-15-2023T22-55-39,0,0.9023,31.507,67.066
clipped_image_June-15-2023T22-59-17.ppm, June-15-2023T22-59-17,0,0.8437,31.529,67.043
clipped_image_June-15-2023T23-02-55.ppm, June-15-2023T23-02-55,0,0.8398,31.539,67.043
clipped_image_June-15-2023T23-06-34.ppm, June-15-2023T23-06-34,0,0.875,31.421,67.455
clipped_image_June-15-2023T23-10-12.ppm, June-15-2023T23-10-12,0,0.914,31.271,67.921
clipped_image_June-15-2023T23-13-51.ppm, June-15-2023T23-13-51,0,0.8984,31.196,68.165
clipped_image_June-15-2023T23-17-29.ppm, June-15-2023T23-17-29,0,0.8554,31.11,68.501
clipped_image_June-15-2023T23-21-07.ppm, June-15-2023T23-21-07,0,0.8281,31.035,68.661
clipped_image_June-15-2023T23-24-46.ppm, June-15-2023T23-24-46,0,0.8945,30.939,68.989
clipped_image_June-15-2023T23-28-24.ppm, June-15-2023T23-28-24,0,0.8632,30.821,69.424
clipped_image_June-15-2023T23-32-03.ppm, June-15-2023T23-32-03,0,0.8515,30.746,69.706
clipped_image_June-15-2023T23-35-41.ppm, June-15-2023T23-35-41,0,0.8164,30.724,69.782
clipped_image_June-15-2023T23-39-19.ppm, June-15-2023T23-39-19,0,0.8554,30.681,70.004
clipped_image_June-15-2023T23-42-58.ppm, June-15-2023T23-42-58,0,0.8437,30.606,70.225
clipped_image_June-15-2023T23-46-36.ppm, June-15-2023T23-46-36,0,0.8359,30.585,70.37
clipped_image_June-15-2023T23-50-14.ppm, June-15-2023T23-50-14,0,0.8632,30.563,70.507
clipped_image_June-15-2023T23-53-53.ppm, June-15-2023T23-53-53,0,0.871,30.52,70.637
clipped_image_June-15-2023T23-57-31.ppm, June-15-2023T23-57-31,0,0.8281,30.477,70.774
clipped_image_June-16-2023T00-01-10.ppm, June-16-2023T00-01-10,0,0.8828,30.424,70.965
clipped_image_June-16-2023T00-04-48.ppm, June-16-2023T00-04-48,0,0.8906,30.381,71.095
clipped_image_June-16-2023T00-08-26.ppm, June-16-2023T00-08-26,0,0.9218,30.327,71.239
clipped_image_June-16-2023T00-12-05.ppm, June-16-2023T00-12-05,0,0.8398,30.242,71.514
clipped_image_June-16-2023T00-15-43.ppm, June-16-2023T00-15-43,0,0.8984,30.231,71.705
clipped_image_June-16-2023T00-19-22.ppm, June-16-2023T00-19-22,0,0.832,30.242,71.514
clipped_image_June-16-2023T00-23-00.ppm, June-16-2023T00-23-00,0,0.9101,30.242,71.514
clipped_image_June-16-2023T00-26-38.ppm, June-16-2023T00-26-38,0,0.8867,30.242,71.568
clipped_image_June-16-2023T00-30-17.ppm, June-16-2023T00-30-17,0,0.9179,30.231,71.598
clipped_image_June-16-2023T00-33-55.ppm, June-16-2023T00-33-55,0,0.9062,30.242,71.514
clipped_image_June-16-2023T00-37-33.ppm, June-16-2023T00-37-33,0,0.9101,30.274,71.346
clipped_image_June-16-2023T00-41-12.ppm, June-16-2023T00-41-12,0,0.8945,30.37,71.018
clipped_image_June-16-2023T00-44-51.ppm, June-16-2023T00-44-51,0,0.9218,30.37,71.072
clipped_image_June-16-2023T00-48-29.ppm, June-16-2023T00-48-29,0,0.8906,30.242,71.43
clipped_image_June-16-2023T00-52-07.ppm, June-16-2023T00-52-07,0,0.9335,30.263,71.461
clipped_image_June-16-2023T00-55-46.ppm, June-16-2023T00-55-46,0,0.8671,30.381,71.125
clipped_image_June-16-2023T00-59-24.ppm, June-16-2023T00-59-24,0,0.9062,30.456,70.889
clipped_image_June-16-2023T01-03-02.ppm, June-16-2023T01-03-02,0,0.914,30.402,71.018
clipped_image_June-16-2023T01-06-41.ppm, June-16-2023T01-06-41,0,0.8085,30.37,71.156
clipped_image_June-16-2023T01-10-19.ppm, June-16-2023T01-10-19,0,0.8515,30.424,70.965
clipped_image_June-16-2023T01-13-58.ppm, June-16-2023T01-13-58,0,0.9179,30.392,70.934
clipped_image_June-16-2023T01-17-36.ppm, June-16-2023T01-17-36,0,0.8906,30.359,70.988
clipped_image_June-16-2023T01-21-14.ppm, June-16-2023T01-21-14,0,0.8984,30.359,70.904
clipped_image_June-16-2023T01-24-53.ppm, June-16-2023T01-24-53,0,0.9179,30.242,71.156
clipped_image_June-16-2023T01-28-31.ppm, June-16-2023T01-28-31,0,0.8554,30.199,71.369
clipped_image_June-16-2023T01-32-10.ppm, June-16-2023T01-32-10,0,0.8515,30.048,71.796
clipped_image_June-16-2023T01-35-48.ppm, June-16-2023T01-35-48,0,0.8593,29.952,72.132
clipped_image_June-16-2023T01-39-26.ppm, June-16-2023T01-39-26,0,0.8632,29.845,72.453
clipped_image_June-16-2023T01-43-05.ppm, June-16-2023T01-43-05,0,0.9179,29.791,72.643
clipped_image_June-16-2023T01-46-43.ppm, June-16-2023T01-46-43,0,0.8867,29.748,72.865
clipped_image_June-16-2023T01-50-22.ppm, June-16-2023T01-50-22,0,0.9375,29.737,72.926
clipped_image_June-16-2023T01-54-00.ppm, June-16-2023T01-54-00,0,0.9218,29.695,73.025
clipped_image_June-16-2023T01-57-38.ppm, June-16-2023T01-57-38,0,0.9179,29.737,72.948
clipped_image_June-16-2023T02-01-17.ppm, June-16-2023T02-01-17,0,0.8632,29.748,72.926
clipped_image_June-16-2023T02-04-55.ppm, June-16-2023T02-04-55,0,0.8203,29.641,73.193
clipped_image_June-16-2023T02-08-34.ppm, June-16-2023T02-08-34,0,0.9179,29.577,73.467
clipped_image_June-16-2023T02-12-12.ppm, June-16-2023T02-12-12,0,0.832,29.469,73.841
clipped_image_June-16-2023T02-15-50.ppm, June-16-2023T02-15-50,0,0.8437,29.416,74.009
clipped_image_June-16-2023T02-19-29.ppm, June-16-2023T02-19-29,0,0.8476,29.448,73.986
clipped_image_June-16-2023T02-23-07.ppm, June-16-2023T02-23-07,0,0.9218,29.609,73.467
clipped_image_June-16-2023T02-26-45.ppm, June-16-2023T02-26-45,0,0.8554,29.78,72.926
clipped_image_June-16-2023T02-30-24.ppm, June-16-2023T02-30-24,0,0.9218,29.845,72.674
clipped_image_June-16-2023T02-34-02.ppm, June-16-2023T02-34-02,0,0.8281,29.791,72.926
clipped_image_June-16-2023T02-37-41.ppm, June-16-2023T02-37-41,0,0.9218,29.748,73.063
clipped_image_June-16-2023T02-41-19.ppm, June-16-2023T02-41-19,0,0.8281,29.705,73.223
clipped_image_June-16-2023T02-44-57.ppm, June-16-2023T02-44-57,0,0.8984,29.705,73.246
clipped_image_June-16-2023T02-48-36.ppm, June-16-2023T02-48-36,0,0.8515,29.587,73.582
clipped_image_June-16-2023T02-52-14.ppm, June-16-2023T02-52-14,0,0.875,29.437,74.093
clipped_image_June-16-2023T02-55-53.ppm, June-16-2023T02-55-53,0,0.8632,29.33,74.467
clipped_image_June-16-2023T02-59-31.ppm, June-16-2023T02-59-31,0,0.9023,29.33,74.497
clipped_image_June-16-2023T03-03-09.ppm, June-16-2023T03-03-09,0,0.8554,29.383,74.245
clipped_image_June-16-2023T03-06-48.ppm, June-16-2023T03-06-48,0,0.8242,29.394,74.23
clipped_image_June-16-2023T03-10-26.ppm, June-16-2023T03-10-26,0,0.9257,29.416,74.123
clipped_image_June-16-2023T03-14-05.ppm, June-16-2023T03-14-05,0,0.9179,29.437,74.009
clipped_image_June-16-2023T03-17-43.ppm, June-16-2023T03-17-43,0,0.9375,29.459,73.902
clipped_image_June-16-2023T03-21-21.ppm, June-16-2023T03-21-21,0,0.9296,29.469,73.841
clipped_image_June-16-2023T03-25-00.ppm, June-16-2023T03-25-00,0,0.8359,29.437,73.925
clipped_image_June-16-2023T03-28-38.ppm, June-16-2023T03-28-38,0,0.9179,29.383,74.001
clipped_image_June-16-2023T03-32-17.ppm, June-16-2023T03-32-17,0,0.8359,29.341,74.139
clipped_image_June-16-2023T03-35-55.ppm, June-16-2023T03-35-55,0,0.8671,29.244,74.444
clipped_image_June-16-2023T03-39-33.ppm, June-16-2023T03-39-33,0,0.9179,29.115,74.924
clipped_image_June-16-2023T03-43-12.ppm, June-16-2023T03-43-12,0,0.8867,28.987,75.352
clipped_image_June-16-2023T03-46-50.ppm, June-16-2023T03-46-50,0,0.8984,28.933,75.604
clipped_image_June-16-2023T03-50-29.ppm, June-16-2023T03-50-29,0,0.8515,28.997,75.352
clipped_image_June-16-2023T03-54-07.ppm, June-16-2023T03-54-07,0,0.8632,28.965,75.352
clipped_image_June-16-2023T03-57-45.ppm, June-16-2023T03-57-45,0,0.8554,28.901,75.573
clipped_image_June-16-2023T04-01-24.ppm, June-16-2023T04-01-24,0,0.8945,28.804,75.817
clipped_image_June-16-2023T04-05-02.ppm, June-16-2023T04-05-02,0,0.8867,28.729,76.008
clipped_image_June-16-2023T04-08-40.ppm, June-16-2023T04-08-40,0,0.9023,28.654,76.183
clipped_image_June-16-2023T04-12-19.ppm, June-16-2023T04-12-19,0,0.8867,28.643,76.13
clipped_image_June-16-2023T04-15-57.ppm, June-16-2023T04-15-57,0,0.8789,28.611,76.16
clipped_image_June-16-2023T04-19-36.ppm, June-16-2023T04-19-36,0,0.8281,28.643,75.993
clipped_image_June-16-2023T04-23-14.ppm, June-16-2023T04-23-14,0,0.8242,28.611,76.023
clipped_image_June-16-2023T04-26-52.ppm, June-16-2023T04-26-52,0,0.9335,28.579,76.046
clipped_image_June-16-2023T04-30-31.ppm, June-16-2023T04-30-31,0,0.8984,28.515,76.214
clipped_image_June-16-2023T04-34-09.ppm, June-16-2023T04-34-09,0,0.9062,28.483,76.199
clipped_image_June-16-2023T04-37-48.ppm, June-16-2023T04-37-48,0,0.8906,28.386,76.504
clipped_image_June-16-2023T04-41-26.ppm, June-16-2023T04-41-26,0,0.8593,28.268,76.824
clipped_image_June-16-2023T04-45-04.ppm, June-16-2023T04-45-04,0,0.9375,28.172,77.114
clipped_image_June-16-2023T04-48-43.ppm, June-16-2023T04-48-43,0,0.9023,28.054,77.442
clipped_image_June-16-2023T04-52-21.ppm, June-16-2023T04-52-21,0,0.8632,28.021,77.457
clipped_image_June-16-2023T04-56-00.ppm, June-16-2023T04-56-00,0,0.8945,27.957,77.671
clipped_image_June-16-2023T04-59-38.ppm, June-16-2023T04-59-38,0,0.8945,27.893,77.892
clipped_image_June-16-2023T05-03-16.ppm, June-16-2023T05-03-16,0,0.8632,27.882,77.946
clipped_image_June-16-2023T05-06-55.ppm, June-16-2023T05-06-55,0,0.8242,27.828,78.106
clipped_image_June-16-2023T05-10-33.ppm, June-16-2023T05-10-33,0,0.8242,27.785,78.213
clipped_image_June-16-2023T05-14-11.ppm, June-16-2023T05-14-11,0,0.8906,27.721,78.403
clipped_image_June-16-2023T05-17-50.ppm, June-16-2023T05-17-50,0,0.8632,27.818,78.106
clipped_image_June-16-2023T05-21-28.ppm, June-16-2023T05-21-28,0,0.8359,28.011,77.32
clipped_image_June-16-2023T05-25-07.ppm, June-16-2023T05-25-07,0,0.8789,28.236,76.55
clipped_image_June-16-2023T05-28-45.ppm, June-16-2023T05-28-45,0,0.8789,28.408,75.954
clipped_image_June-16-2023T05-32-23.ppm, June-16-2023T05-32-23,0,0.8359,28.472,75.68
clipped_image_June-16-2023T05-36-02.ppm, June-16-2023T05-36-02,0,0.8828,28.515,75.55
clipped_image_June-16-2023T05-39-40.ppm, June-16-2023T05-39-40,0,0.871,28.45,75.703
clipped_image_June-16-2023T05-43-19.ppm, June-16-2023T05-43-19,0,0.9257,28.29,76.191
clipped_image_June-16-2023T05-46-59.ppm, June-16-2023T05-46-59,0,0.707,28.096,77
clipped_image_June-16-2023T05-50-38.ppm, June-16-2023T05-50-38,1,0.8007,27.936,77.534
clipped_image_June-16-2023T05-54-17.ppm, June-16-2023T05-54-17,1,0.8007,27.785,78.045
clipped_image_June-16-2023T05-57-56.ppm, June-16-2023T05-57-56,1,0.7968,27.646,78.526
clipped_image_June-16-2023T06-01-35.ppm, June-16-2023T06-01-35,1,0.7929,27.582,78.8
clipped_image_June-16-2023T06-05-14.ppm, June-16-2023T06-05-14,1,0.7851,27.528,78.915
clipped_image_June-16-2023T06-08-54.ppm, June-16-2023T06-08-54,1,0.7851,27.571,78.724
clipped_image_June-16-2023T06-12-33.ppm, June-16-2023T06-12-33,1,0.7695,27.614,78.472
clipped_image_June-16-2023T06-16-12.ppm, June-16-2023T06-16-12,1,0.7773,27.592,78.556
clipped_image_June-16-2023T06-19-51.ppm, June-16-2023T06-19-51,1,0.7773,27.539,78.724
clipped_image_June-16-2023T06-23-30.ppm, June-16-2023T06-23-30,1,0.7773,27.571,78.579
clipped_image_June-16-2023T06-27-10.ppm, June-16-2023T06-27-10,1,0.746,27.625,78.419
clipped_image_June-16-2023T06-30-49.ppm, June-16-2023T06-30-49,1,0.746,27.721,78.106
clipped_image_June-16-2023T06-34-28.ppm, June-16-2023T06-34-28,1,0.7617,27.828,77.702
clipped_image_June-16-2023T06-38-07.ppm, June-16-2023T06-38-07,1,0.7617,27.893,77.374
clipped_image_June-16-2023T06-41-46.ppm, June-16-2023T06-41-46,1,0.7773,27.914,77.32
clipped_image_June-16-2023T06-45-26.ppm, June-16-2023T06-45-26,1,0.7539,27.968,77.183
clipped_image_June-16-2023T06-49-05.ppm, June-16-2023T06-49-05,1,0.8125,28.107,76.756
clipped_image_June-16-2023T06-52-44.ppm, June-16-2023T06-52-44,1,0.707,28.257,76.138
clipped_image_June-16-2023T06-56-23.ppm, June-16-2023T06-56-23,1,0.6953,28.408,75.626
clipped_image_June-16-2023T07-00-02.ppm, June-16-2023T07-00-02,1,0.8007,28.59,75.054
clipped_image_June-16-2023T07-03-42.ppm, June-16-2023T07-03-42,1,0.7968,28.89,74.085
clipped_image_June-16-2023T07-07-21.ppm, June-16-2023T07-07-21,1,0.6796,29.19,73.078
clipped_image_June-16-2023T07-11-00.ppm, June-16-2023T07-11-00,1,0.789,29.33,72.674
clipped_image_June-16-2023T07-14-39.ppm, June-16-2023T07-14-39,1,0.7421,29.437,72.239
clipped_image_June-16-2023T07-18-18.ppm, June-16-2023T07-18-18,1,0.8007,29.437,72.186
clipped_image_June-16-2023T07-21-58.ppm, June-16-2023T07-21-58,1,0.7656,29.609,71.56
clipped_image_June-16-2023T07-25-37.ppm, June-16-2023T07-25-37,1,0.8007,29.684,71.201
clipped_image_June-16-2023T07-29-16.ppm, June-16-2023T07-29-16,1,0.7656,30.231,69.546
clipped_image_June-16-2023T07-32-55.ppm, June-16-2023T07-32-55,1,0.7929,30.585,68.478
clipped_image_June-16-2023T07-36-34.ppm, June-16-2023T07-36-34,1,0.7851,31.936,64.243
clipped_image_June-16-2023T07-40-14.ppm, June-16-2023T07-40-14,1,0.7031,32.783,61.71
clipped_image_June-16-2023T07-43-53.ppm, June-16-2023T07-43-53,1,0.8007,33.706,59.017
clipped_image_June-16-2023T07-47-32.ppm, June-16-2023T07-47-32,1,0.5351,33.834,58.659
clipped_image_June-16-2023T07-51-12.ppm, June-16-2023T07-51-12,1,0.8125,33.909,58.331
clipped_image_June-16-2023T07-54-51.ppm, June-16-2023T07-54-51,1,0.7968,33.341,59.849
clipped_image_June-16-2023T07-58-30.ppm, June-16-2023T07-58-30,1,0.7929,32.655,61.649
clipped_image_June-16-2023T08-02-10.ppm, June-16-2023T08-02-10,1,0.789,32.397,62.359
clipped_image_June-16-2023T08-05-49.ppm, June-16-2023T08-05-49,1,0.7734,32.118,63.068
clipped_image_June-16-2023T08-09-29.ppm, June-16-2023T08-09-29,1,0.8007,33.727,59.017
clipped_image_June-16-2023T08-13-08.ppm, June-16-2023T08-13-08,1,0.5195,33.974,58.361
clipped_image_June-16-2023T08-16-47.ppm, June-16-2023T08-16-47,1,0.5078,34.36,57.316
clipped_image_June-16-2023T08-20-27.ppm, June-16-2023T08-20-27,1,0.8085,35.701,53.936
clipped_image_June-16-2023T08-24-06.ppm, June-16-2023T08-24-06,1,0.7968,35.282,54.836
clipped_image_June-16-2023T08-27-46.ppm, June-16-2023T08-27-46,1,0.7617,35.701,53.814
clipped_image_June-16-2023T08-31-25.ppm, June-16-2023T08-31-25,1,0.6679,36.419,52.265
clipped_image_June-16-2023T08-35-04.ppm, June-16-2023T08-35-04,1,0.7734,37.073,50.686
clipped_image_June-16-2023T08-38-44.ppm, June-16-2023T08-38-44,1,0.7812,36.387,52.197
clipped_image_June-16-2023T08-42-23.ppm, June-16-2023T08-42-23,1,0.8085,36.194,52.486
clipped_image_June-16-2023T08-46-03.ppm, June-16-2023T08-46-03,1,0.5742,37.846,48.756
clipped_image_June-16-2023T08-49-42.ppm, June-16-2023T08-49-42,1,0.6093,39.336,45.658
clipped_image_June-16-2023T08-53-21.ppm, June-16-2023T08-53-21,1,0.746,39.358,45.353
clipped_image_June-16-2023T08-57-01.ppm, June-16-2023T08-57-01,1,0.539,39.283,45.658
clipped_image_June-16-2023T09-00-40.ppm, June-16-2023T09-00-40,1,0.5234,41.31,41.996
clipped_image_June-16-2023T09-04-20.ppm, June-16-2023T09-04-20,1,0.5195,42.79,39.6
clipped_image_June-16-2023T09-07-59.ppm, June-16-2023T09-07-59,0,0.5312,44.055,37.678
clipped_image_June-16-2023T09-11-39.ppm, June-16-2023T09-11-39,0,0.5781,44.753,36.594
clipped_image_June-16-2023T09-15-18.ppm, June-16-2023T09-15-18,0,0.5312,45.278,35.809
clipped_image_June-16-2023T09-18-57.ppm, June-16-2023T09-18-57,0,0.6132,45.997,34.557
clipped_image_June-16-2023T09-22-37.ppm, June-16-2023T09-22-37,0,0.6132,46.265,34.008
clipped_image_June-16-2023T09-26-16.ppm, June-16-2023T09-26-16,0,0.6796,46.469,33.489
clipped_image_June-16-2023T09-29-56.ppm, June-16-2023T09-29-56,0,0.7382,47.101,32.635
clipped_image_June-16-2023T09-33-36.ppm, June-16-2023T09-33-36,0,0.6875,47.434,32.002
clipped_image_June-16-2023T09-37-15.ppm, June-16-2023T09-37-15,0,0.6679,47.305,31.948
clipped_image_June-16-2023T09-40-55.ppm, June-16-2023T09-40-55,0,0.7187,47.681,31.193
clipped_image_June-16-2023T09-44-34.ppm, June-16-2023T09-44-34,0,0.746,47.809,30.956
clipped_image_June-16-2023T09-48-13.ppm, June-16-2023T09-48-13,0,0.7773,48.249,30.003
clipped_image_June-16-2023T09-51-53.ppm, June-16-2023T09-51-53,0,0.7773,48.442,29.766
clipped_image_June-16-2023T09-55-32.ppm, June-16-2023T09-55-32,0,0.7929,48.689,29.324
clipped_image_June-16-2023T09-59-12.ppm, June-16-2023T09-59-12,0,0.7773,49.279,28.637
clipped_image_June-16-2023T10-02-51.ppm, June-16-2023T10-02-51,0,0.8007,48.925,28.965
clipped_image_June-16-2023T10-06-30.ppm, June-16-2023T10-06-30,0,0.8398,49.225,28.584
clipped_image_June-16-2023T10-10-10.ppm, June-16-2023T10-10-10,0,0.832,49.429,28.263
clipped_image_June-16-2023T10-13-49.ppm, June-16-2023T10-13-49,0,0.8203,49.89,27.676
clipped_image_June-16-2023T10-17-29.ppm, June-16-2023T10-17-29,0,0.8398,49.997,27.401
clipped_image_June-16-2023T10-21-08.ppm, June-16-2023T10-21-08,0,0.8359,49.901,27.432
clipped_image_June-16-2023T10-24-47.ppm, June-16-2023T10-24-47,0,0.8242,49.515,27.821
clipped_image_June-16-2023T10-28-27.ppm, June-16-2023T10-28-27,0,0.8789,49.568,27.737
clipped_image_June-16-2023T10-32-06.ppm, June-16-2023T10-32-06,0,0.8867,49.815,27.554
clipped_image_June-16-2023T10-34-56.ppm, June-16-2023T10-34-56,0,0.875,50.169,27.37
clipped_image_June-16-2023T10-38-35.ppm, June-16-2023T10-38-35,0,0.8984,49.868,27.805
clipped_image_June-16-2023T10-42-14.ppm, June-16-2023T10-42-14,0,0.9062,50.083,27.401
clipped_image_June-16-2023T10-45-53.ppm, June-16-2023T10-45-53,0,0.9179,50.544,26.73
clipped_image_June-16-2023T10-49-33.ppm, June-16-2023T10-49-33,0,0.914,50.78,26.241
clipped_image_June-16-2023T10-53-12.ppm, June-16-2023T10-53-12,0,0.9179,51.348,25.753
clipped_image_June-16-2023T10-56-51.ppm, June-16-2023T10-56-51,0,0.9414,51.381,25.585
clipped_image_June-16-2023T11-00-30.ppm, June-16-2023T11-00-30,0,0.9218,51.627,25.318
clipped_image_June-16-2023T11-04-09.ppm, June-16-2023T11-04-09,0,0.9335,51.542,25.143
clipped_image_June-16-2023T11-07-48.ppm, June-16-2023T11-07-48,0,0.9414,51.273,25.196
clipped_image_June-16-2023T11-11-27.ppm, June-16-2023T11-11-27,0,0.957,51.22,25.112
clipped_image_June-16-2023T11-15-07.ppm, June-16-2023T11-15-07,0,0.9492,51.37,24.792
clipped_image_June-16-2023T11-18-46.ppm, June-16-2023T11-18-46,0,0.957,51.381,24.792
clipped_image_June-16-2023T11-22-25.ppm, June-16-2023T11-22-25,0,0.9609,51.316,24.708
clipped_image_June-16-2023T11-26-04.ppm, June-16-2023T11-26-04,0,0.9531,51.542,24.601
clipped_image_June-16-2023T11-29-43.ppm, June-16-2023T11-29-43,0,0.9609,51.81,24.326
clipped_image_June-16-2023T11-33-22.ppm, June-16-2023T11-33-22,0,0.9609,51.702,24.403
clipped_image_June-16-2023T11-37-02.ppm, June-16-2023T11-37-02,0,0.9609,51.681,24.357
clipped_image_June-16-2023T11-40-41.ppm, June-16-2023T11-40-41,0,0.957,51.66,24.441
clipped_image_June-16-2023T11-44-20.ppm, June-16-2023T11-44-20,0,0.9648,51.895,24.372
clipped_image_June-16-2023T11-47-59.ppm, June-16-2023T11-47-59,0,0.9609,52.035,24.387
clipped_image_June-16-2023T11-51-39.ppm, June-16-2023T11-51-39,0,0.957,52.121,24.555
clipped_image_June-16-2023T11-55-18.ppm, June-16-2023T11-55-18,0,0.9648,52.142,24.593
clipped_image_June-16-2023T11-58-57.ppm, June-16-2023T11-58-57,0,0.9609,52.142,24.555
clipped_image_June-16-2023T12-02-37.ppm, June-16-2023T12-02-37,0,0.9492,52.914,24.113
clipped_image_June-16-2023T12-06-16.ppm, June-16-2023T12-06-16,0,0.9453,53.494,24.151
clipped_image_June-16-2023T12-09-55.ppm, June-16-2023T12-09-55,0,0.9492,53.611,24.158
clipped_image_June-16-2023T12-13-34.ppm, June-16-2023T12-13-34,0,0.9492,53.794,24.128
clipped_image_June-16-2023T12-17-13.ppm, June-16-2023T12-17-13,0,0.9453,54.03,23.945
clipped_image_June-16-2023T12-20-52.ppm, June-16-2023T12-20-52,0,0.9531,54.201,23.701
clipped_image_June-16-2023T12-24-32.ppm, June-16-2023T12-24-32,0,0.9492,54.18,23.609
clipped_image_June-16-2023T12-28-11.ppm, June-16-2023T12-28-11,0,0.9453,54.276,23.533
clipped_image_June-16-2023T12-31-50.ppm, June-16-2023T12-31-50,0,0.9414,54.909,22.991
clipped_image_June-16-2023T12-35-29.ppm, June-16-2023T12-35-29,0,0.9492,55.274,22.724
clipped_image_June-16-2023T12-39-08.ppm, June-16-2023T12-39-08,0,0.9609,55.456,22.61
clipped_image_June-16-2023T12-42-47.ppm, June-16-2023T12-42-47,0,0.9531,55.499,22.732
clipped_image_June-16-2023T12-46-27.ppm, June-16-2023T12-46-27,0,0.9453,55.531,22.945
clipped_image_June-16-2023T12-50-06.ppm, June-16-2023T12-50-06,0,0.9414,55.649,22.831
clipped_image_June-16-2023T12-53-45.ppm, June-16-2023T12-53-45,0,0.9414,55.767,22.671
clipped_image_June-16-2023T12-57-24.ppm, June-16-2023T12-57-24,0,0.9335,55.928,22.434
clipped_image_June-16-2023T13-01-04.ppm, June-16-2023T13-01-04,0,0.9492,56.046,22.19
clipped_image_June-16-2023T13-04-43.ppm, June-16-2023T13-04-43,0,0.9453,55.853,22.083
clipped_image_June-16-2023T13-08-22.ppm, June-16-2023T13-08-22,0,0.9453,55.242,22.472
clipped_image_June-16-2023T13-12-02.ppm, June-16-2023T13-12-02,0,0.9453,55.049,22.709
clipped_image_June-16-2023T13-15-41.ppm, June-16-2023T13-15-41,0,0.9257,55.134,22.793
clipped_image_June-16-2023T13-19-20.ppm, June-16-2023T13-19-20,0,0.9023,55.445,22.778
clipped_image_June-16-2023T13-22-59.ppm, June-16-2023T13-22-59,1,0.5195,53.461,24.57
clipped_image_June-16-2023T13-26-38.ppm, June-16-2023T13-26-38,0,0.9062,51.992,25.936
clipped_image_June-16-2023T13-30-17.ppm, June-16-2023T13-30-17,0,0.8945,52.893,25.158
clipped_image_June-16-2023T13-33-57.ppm, June-16-2023T13-33-57,0,0.8789,53.44,24.86
clipped_image_June-16-2023T13-37-36.ppm, June-16-2023T13-37-36,0,0.8867,54.62,23.983
clipped_image_June-16-2023T13-41-15.ppm, June-16-2023T13-41-15,0,0.8984,55.606,23.212
clipped_image_June-16-2023T13-44-54.ppm, June-16-2023T13-44-54,0,0.8789,56.11,22.861
clipped_image_June-16-2023T13-48-33.ppm, June-16-2023T13-48-33,0,0.8828,56.561,22.312
clipped_image_June-16-2023T13-52-12.ppm, June-16-2023T13-52-12,0,0.8789,56.84,21.816
clipped_image_June-16-2023T13-55-52.ppm, June-16-2023T13-55-52,0,0.8515,56.711,21.77
clipped_image_June-16-2023T13-59-31.ppm, June-16-2023T13-59-31,0,0.8515,57.119,21.374
clipped_image_June-16-2023T14-03-10.ppm, June-16-2023T14-03-10,0,0.8398,57.473,20.977
clipped_image_June-16-2023T14-06-49.ppm, June-16-2023T14-06-49,0,0.8398,57.387,20.962
clipped_image_June-16-2023T14-10-29.ppm, June-16-2023T14-10-29,0,0.8359,57.054,20.908
clipped_image_June-16-2023T14-14-09.ppm, June-16-2023T14-14-09,0,0.7968,56.539,21.076
clipped_image_June-16-2023T14-17-48.ppm, June-16-2023T14-17-48,0,0.8007,56.743,21.015
clipped_image_June-16-2023T14-21-27.ppm, June-16-2023T14-21-27,0,0.832,57.14,20.786
clipped_image_June-16-2023T14-25-06.ppm, June-16-2023T14-25-06,0,0.8085,57.515,20.336
clipped_image_June-16-2023T14-28-45.ppm, June-16-2023T14-28-45,0,0.7812,57.397,20.382
clipped_image_June-16-2023T14-32-24.ppm, June-16-2023T14-32-24,0,0.789,56.947,20.687
clipped_image_June-16-2023T14-36-04.ppm, June-16-2023T14-36-04,0,0.7812,56.883,20.771
clipped_image_June-16-2023T14-39-43.ppm, June-16-2023T14-39-43,0,0.8242,56.818,20.931
clipped_image_June-16-2023T14-43-22.ppm, June-16-2023T14-43-22,0,0.8046,57.483,20.634
clipped_image_June-16-2023T14-47-01.ppm, June-16-2023T14-47-01,0,0.7539,57.912,20.489
clipped_image_June-16-2023T14-50-40.ppm, June-16-2023T14-50-40,0,0.7578,57.548,20.634
clipped_image_June-16-2023T14-54-19.ppm, June-16-2023T14-54-19,0,0.7851,56.818,21.099
clipped_image_June-16-2023T14-57-58.ppm, June-16-2023T14-57-58,0,0.7187,56.164,21.473
clipped_image_June-16-2023T15-01-38.ppm, June-16-2023T15-01-38,0,0.7187,56.1,21.603
clipped_image_June-16-2023T15-05-17.ppm, June-16-2023T15-05-17,0,0.7304,55.885,21.839
clipped_image_June-16-2023T15-08-56.ppm, June-16-2023T15-08-56,0,0.7304,55.692,22.129
clipped_image_June-16-2023T15-12-35.ppm, June-16-2023T15-12-35,0,0.746,55.671,22.152
clipped_image_June-16-2023T15-16-14.ppm, June-16-2023T15-16-14,0,0.6914,55.381,22.396
clipped_image_June-16-2023T15-19-54.ppm, June-16-2023T15-19-54,0,0.6914,55.467,22.442
clipped_image_June-16-2023T15-23-33.ppm, June-16-2023T15-23-33,0,0.7382,54.813,22.984
clipped_image_June-16-2023T15-27-12.ppm, June-16-2023T15-27-12,0,0.7382,53.847,23.708
clipped_image_June-16-2023T15-30-51.ppm, June-16-2023T15-30-51,0,0.6679,54.427,23.296
clipped_image_June-16-2023T15-34-30.ppm, June-16-2023T15-34-30,0,0.6484,54.695,23.113
clipped_image_June-16-2023T15-38-09.ppm, June-16-2023T15-38-09,0,0.7031,54.727,23.151
clipped_image_June-16-2023T15-41-49.ppm, June-16-2023T15-41-49,0,0.7031,54.298,23.495
clipped_image_June-16-2023T15-45-28.ppm, June-16-2023T15-45-28,0,0.6914,54.18,23.609
clipped_image_June-16-2023T15-49-07.ppm, June-16-2023T15-49-07,0,0.6289,53.933,23.93
clipped_image_June-16-2023T15-52-46.ppm, June-16-2023T15-52-46,0,0.6406,53.161,24.54
clipped_image_June-16-2023T15-56-25.ppm, June-16-2023T15-56-25,0,0.6406,52.614,25.089
clipped_image_June-16-2023T16-00-04.ppm, June-16-2023T16-00-04,0,0.664,52.721,25.059
clipped_image_June-16-2023T16-03-44.ppm, June-16-2023T16-03-44,0,0.5234,52.518,25.341
clipped_image_June-16-2023T16-07-23.ppm, June-16-2023T16-07-23,0,0.6289,52.378,25.539
clipped_image_June-16-2023T16-11-02.ppm, June-16-2023T16-11-02,0,0.6406,51.767,25.99
clipped_image_June-16-2023T16-14-41.ppm, June-16-2023T16-14-41,0,0.6406,51.735,25.738
clipped_image_June-16-2023T16-18-20.ppm, June-16-2023T16-18-20,0,0.6093,51.07,26.104
clipped_image_June-16-2023T16-22-00.ppm, June-16-2023T16-22-00,0,0.621,50.662,26.203
clipped_image_June-16-2023T16-25-39.ppm, June-16-2023T16-25-39,0,0.6601,50.448,26.051
clipped_image_June-16-2023T16-29-20.ppm, June-16-2023T16-29-20,0,0.6601,49.997,26.112
clipped_image_June-16-2023T16-32-59.ppm, June-16-2023T16-32-59,0,0.6523,49.611,26.333
clipped_image_June-16-2023T16-36-39.ppm, June-16-2023T16-36-39,0,0.6601,49.354,26.516
clipped_image_June-16-2023T16-40-18.ppm, June-16-2023T16-40-18,1,0.5156,48.828,26.89
clipped_image_June-16-2023T16-43-57.ppm, June-16-2023T16-43-57,1,0.621,47.949,27.699
clipped_image_June-16-2023T16-47-36.ppm, June-16-2023T16-47-36,1,0.621,47.026,28.69
clipped_image_June-16-2023T16-51-15.ppm, June-16-2023T16-51-15,1,0.5625,45.922,29.766
clipped_image_June-16-2023T16-54-54.ppm, June-16-2023T16-54-54,0,0.5937,44.71,31.063
clipped_image_June-16-2023T16-58-34.ppm, June-16-2023T16-58-34,1,0.4765,43.358,32.612
clipped_image_June-16-2023T17-02-13.ppm, June-16-2023T17-02-13,0,0.5195,42.297,33.871
clipped_image_June-16-2023T17-05-52.ppm, June-16-2023T17-05-52,0,0.5429,41.599,34.786
clipped_image_June-16-2023T17-09-31.ppm, June-16-2023T17-09-31,0,0.5625,41.095,35.511
clipped_image_June-16-2023T17-13-10.ppm, June-16-2023T17-13-10,0,0.6562,40.43,36.282
clipped_image_June-16-2023T17-16-50.ppm, June-16-2023T17-16-50,0,0.6562,39.84,37.022
clipped_image_June-16-2023T17-20-29.ppm, June-16-2023T17-20-29,0,0.5312,39.551,37.464
clipped_image_June-16-2023T17-24-08.ppm, June-16-2023T17-24-08,0,0.5429,39.336,37.792
clipped_image_June-16-2023T17-27-47.ppm, June-16-2023T17-27-47,0,0.5351,39.154,38.219
clipped_image_June-16-2023T17-31-26.ppm, June-16-2023T17-31-26,0,0.5703,38.907,38.662
clipped_image_June-16-2023T17-35-06.ppm, June-16-2023T17-35-06,1,0.6718,38.725,39.127
clipped_image_June-16-2023T17-38-45.ppm, June-16-2023T17-38-45,1,0.6914,38.5,39.661
clipped_image_June-16-2023T17-42-24.ppm, June-16-2023T17-42-24,1,0.6992,38.371,40.02
clipped_image_June-16-2023T17-46-03.ppm, June-16-2023T17-46-03,1,0.6835,38.275,40.363
clipped_image_June-16-2023T17-49-42.ppm, June-16-2023T17-49-42,1,0.6992,38.06,40.974
clipped_image_June-16-2023T17-53-21.ppm, June-16-2023T17-53-21,1,0.6718,37.953,41.386
clipped_image_June-16-2023T17-57-01.ppm, June-16-2023T17-57-01,1,0.6718,37.899,41.744
clipped_image_June-16-2023T18-00-40.ppm, June-16-2023T18-00-40,1,0.7109,37.545,42.599
clipped_image_June-16-2023T18-04-19.ppm, June-16-2023T18-04-19,1,0.7187,37.309,43.4
clipped_image_June-16-2023T18-07-58.ppm, June-16-2023T18-07-58,0,0.9101,35.368,48.107
clipped_image_June-16-2023T18-11-37.ppm, June-16-2023T18-11-37,0,0.9726,31.797,56.713
